id,name,description,category,difficulty,prep_time_minutes,cook_time_minutes,servings,calories,protein,carbs,fat,fiber,sugar,sodium,ingredients_count,ingredients_json,instructions_length,instructions_preview,diet_types,meal_types,allergens,tags,is_system,is_featured
8285175d-001f-423a-a003-767879ed788c,BOWL 10 - Bowl Post-Workout de Salmón  Patata,Receta dinner,dinner,easy,10,0,1,505,29.2,47.4,23.8,4.74,7.11,400.0,8,"[{""raw"": ""- 150 g de Salmón""}, {""raw"": ""- 200 g de Patata cocida""}, {""raw"": ""- 100 g de Brócoli al vapor""}, {""raw"": ""- 80 g de Tomate cherry""}, {""raw"": ""- 10 ml de Aceite de oliva virgen extra""}, {""raw"": ""- 10 ml de Zumo de limón""}, {""raw"": ""- 2 g de Sal""}, {""raw"": ""- 1 g de Pimienta negra""}]",284,"1. Corta la patata cocida en cubos y saltéala 2 minutos con una pizca de sal y orégano.
2. Cocina el...",,dinner,,,True,False
310b4c55-6f2f-4653-af99-457a920ba178,BOWL 11 - Bowl de Pavo  Arroz Jazmín,Receta lunch,lunch,medium,20,0,1,499,37.7,60.2,11.8,6.02,9.03,400.0,8,"[{""raw"": ""- 150 g de Pavo""}, {""raw"": ""- 150 g de Arroz jazmín cocido""}, {""raw"": ""- 80 g de Pimiento rojo""}, {""raw"": ""- 50 g de Cebolla morada""}, {""raw"": ""- 100 g de Espárragos""}, {""raw"": ""- 10 ml de Aceite de oliva virgen extra""}, {""raw"": ""- 2 g de Sal""}, {""raw"": ""- 1 g de Pimienta negra""}]",535,"1. Cocina el pavo en una sartén con aceite de oliva, sal y pimienta durante 4-5 minutos hasta que es...",,lunch,,,True,False
42775416-543e-4e37-b6f1-15384921d330,BOWL 12 - Bowl Omega de Caballa  Aguacate,Receta lunch,lunch,medium,20,0,1,440,22.9,15.3,33.3,1.53,2.29,400.0,8,"[{""raw"": ""- 120 g de Caballa""}, {""raw"": ""- 60 g de Aguacate""}, {""raw"": ""- 80 g de Tomate cherry""}, {""raw"": ""- 50 g de Cebolla morada""}, {""raw"": ""- 50 g de Espinacas frescas""}, {""raw"": ""- 10 ml de Aceite de oliva virgen extra""}, {""raw"": ""- 10 ml de Zumo de limón""}, {""raw"": ""- 2 g de Sal""}]",487,"1. Cocina el caballa en una sartén o plancha con aceite de oliva, sal y pimienta durante 3-4 minutos...",,lunch,,,True,False
dcaa978f-9e84-40d0-b83c-26491b82d27c,BOWL 13 - Bowl de Sardinas  Patata  Salad Mix,Receta lunch,lunch,medium,20,0,1,497,30.5,46.0,21.6,4.6,6.9,400.0,8,"[{""raw"": ""- 100 g de Sardinas""}, {""raw"": ""- 200 g de Patata cocida""}, {""raw"": ""- 50 g de Lechuga/Salad mix""}, {""raw"": ""- 80 g de Tomate cherry""}, {""raw"": ""- 50 g de Cebolla morada""}, {""raw"": ""- 10 ml de Aceite de oliva virgen extra""}, {""raw"": ""- 10 ml de Zumo de limón""}, {""raw"": ""- 2 g de Sal""}]",546,"1. Cocina el sardinas en una sartén o plancha con aceite de oliva, sal y pimienta durante 3-4 minuto...",,lunch,,,True,False
63242e3c-9b2a-4b81-8ff3-5db15b9149af,BOWL 14 - Bowl Vegetariano Proteico de Hummus,Receta lunch,lunch,medium,20,0,1,442,13.5,56.5,18.7,5.65,8.47,400.0,8,"[{""raw"": ""- 60 g de Hummus""}, {""raw"": ""- 150 g de Quinoa cocida""}, {""raw"": ""- 80 g de Tomate cherry""}, {""raw"": ""- 80 g de Pimiento rojo""}, {""raw"": ""- 50 g de Cebolla morada""}, {""raw"": ""- 50 g de Espinacas frescas""}, {""raw"": ""- 10 ml de Aceite de oliva virgen extra""}, {""raw"": ""- 2 g de Sal""}]",501,"1. Prepara el hummus (si es necesario cocinarlo) o úsalo directamente si ya está listo.
3. Cocina la...",,lunch,,,True,False
6d74e5ff-cd82-40d2-94e1-3e7947bc0f22,BOWL 15 - Bowl Vegetariano de Arroz  Queso,Receta lunch,lunch,medium,20,0,1,440,16.9,66.7,12.8,6.67,10.01,400.0,8,"[{""raw"": ""- 150 g de Arroz blanco cocido""}, {""raw"": ""- 60 g de Queso fresco batido""}, {""raw"": ""- 100 g de Brócoli al vapor""}, {""raw"": ""- 80 g de Tomate cherry""}, {""raw"": ""- 80 g de Pimiento rojo""}, {""raw"": ""- 50 g de Cebolla morada""}, {""raw"": ""- 10 ml de Aceite de oliva virgen extra""}, {""raw"": ""- 2 g de Sal""}]",478,"1. Prepara los ingredientes principales según sea necesario.
3. Cocina el arroz blanco cocido según ...",,lunch,,,True,False
02e6702f-4a54-4d00-a6a7-8ff0e206e522,BOWL 16 - Bowl Vegano de Lentejas  Verduras,Receta lunch,lunch,medium,20,0,1,353,17.0,49.3,11.4,4.93,7.4,400.0,8,"[{""raw"": ""- 150 g de Lentejas cocidas""}, {""raw"": ""- 100 g de Brócoli al vapor""}, {""raw"": ""- 80 g de Pimiento rojo""}, {""raw"": ""- 50 g de Cebolla morada""}, {""raw"": ""- 80 g de Tomate cherry""}, {""raw"": ""- 10 ml de Aceite de oliva virgen extra""}, {""raw"": ""- 2 g de Sal""}, {""raw"": ""- 1 g de Pimienta negra""}]",474,"1. Prepara el lentejas cocidas (si es necesario cocinarlo) o úsalo directamente si ya está listo.
2....",,lunch,,,True,False
4136de18-3c55-48a7-a15f-6895ea3fdf6f,BOWL 17 - Bowl Vegano de Quinoa  Tofu,Receta lunch,lunch,medium,20,0,1,574,25.9,53.6,31.4,5.36,8.04,400.0,8,"[{""raw"": ""- 150 g de Tofu firme""}, {""raw"": ""- 150 g de Quinoa cocida""}, {""raw"": ""- 100 g de Brócoli al vapor""}, {""raw"": ""- 80 g de Pimiento rojo""}, {""raw"": ""- 60 g de Aguacate""}, {""raw"": ""- 10 ml de Aceite de oliva virgen extra""}, {""raw"": ""- 2 g de Sal""}, {""raw"": ""- 1 g de Pimienta negra""}]",528,"1. Corta el tofu firme en cubos y saltéalo en una sartén con aceite de oliva, sal y pimienta durante...",,lunch,,,True,False
26ef267f-d542-468a-9597-74b769e19b78,BOWL 18 - Bowl Mediterráneo de,Receta lunch,lunch,easy,10,0,1,708,48.0,58.0,16.0,4.0,4.0,792.0,8,"[{""raw"": ""160 g de langostinos pelados""}, {""raw"": ""180 g de boniato cocido""}, {""raw"": ""120 g de aguacate""}, {""raw"": ""100 g de tomate cherry""}, {""raw"": ""60 g de espinacas""}, {""raw"": ""10 g de AOVE""}, {""raw"": ""Sal, pimienta, limón""}, {""raw"": ""Ajo en polvo (opcional)""}]",223,"1. Saltea los langostinos 2–3 min con sal, pimienta y un toque de ajo.
2. Corta el boniato en cubos ...",,lunch,,,True,False
91110b99-8af1-43f0-b12b-4b3ef3cd99b8,BOWL 19 - Bowl Black Marisco,Receta lunch,lunch,medium,15,0,1,699,36.0,53.0,29.0,11.0,18.0,477.0,8,"[{""raw"": ""200 g de calamares limpios""}, {""raw"": ""160 g de arroz cocido (blanco o jazmín)""}, {""raw"": ""120 g de pimiento rojo""}, {""raw"": ""80 g de cebolla""}, {""raw"": ""10 g de AOVE""}, {""raw"": ""Lima o limón""}, {""raw"": ""Sal, pimienta, cúrcuma""}, {""raw"": ""Perejil""}]",297,"1. Corta calamares en anillas y saltéalos 3–4 min con AOVE, sal y cúrcuma.
2. Añade la cebolla y el ...",,lunch,,,True,False
45f026c5-bba7-45c4-9913-6f6a08138e08,BOWL 1 - Bowl Mediterráneo de Pollo y Patata,Receta lunch deliciosa y nutritiva,lunch,easy,10,5,1,550,35.0,50.0,18.0,6.0,5.0,450.0,9,"[{""raw"": ""- 180 g de Pechuga de pollo""}, {""raw"": ""- 200 g de Patata cocida""}, {""raw"": ""- 60 g de Pimiento rojo""}, {""raw"": ""- 50 g de Pepino""}, {""raw"": ""- 30 g de Aceitunas""}, {""raw"": ""- 20 g de Cebolla morada""}, {""raw"": ""- 15 g de AOVE""}, {""raw"": ""- 1 pizca de Sal marina, orégano, pimienta""}, {""raw"": ""- 15 ml de Zumo de 1/2 limón""}]",332,"1. Corta la patata cocida en cubos y saltéala 2 minutos con una pizca de sal y orégano.
2. Cocina el...","normal, high_protein","lunch, dinner",,"mediterraneo, proteico, completo",True,False
8f2a12b4-e455-43b1-9c19-d9a671a16078,BOWL 20 - Bowl César Saludable con Pollo y,Receta lunch,lunch,easy,20,0,1,568,43.0,74.0,17.0,8.0,12.0,419.0,15,"[{""raw"": ""180 g de pechuga de pollo""}, {""raw"": ""180 g mezcla de lechugas (romana, iceberg, espinaca)""}, {""raw"": ""100 g tomate cherry""}, {""raw"": ""20 g parmesano rallado (opcional pero MUY recomendado)""}, {""raw"": ""1 huevo cocido""}, {""raw"": ""10 g AOVE""}, {""raw"": ""Sal, pimienta, orégano""}, {""raw"": ""100 g yogur griego natural entero""}, {""raw"": ""10 g AOVE""}, {""raw"": ""1 cdita de mostaza""}, {""raw"": ""1 cdita de zumo de limón""}, {""raw"": ""1 diente pequeño de ajo picado muy fino""}, {""raw"": ""1 pizca de sal""}, {""raw"": ""1 pizca de pimienta""}, {""raw"": ""1 cdita de parmesano rallado (opcional)""}]",433,"1. Cocina el pollo a la sartén con sal, pimienta y orégano hasta dorar.
2. En un bol grande, coloca ...",,lunch,,,True,False
b3a024f4-45f8-40de-9877-92baa0364e1d,BOWL 21 - Poke Bowl con Salsa Especial,Receta lunch,lunch,medium,25,0,1,584,30.0,51.0,23.0,7.0,6.0,611.0,14,"[{""raw"": ""180 g de pechuga de pollo""}, {""raw"": ""1 huevo (para rebozar)""}, {""raw"": ""30 g harina de avena o harina de arroz""}, {""raw"": ""170 g arroz jazmín cocido""}, {""raw"": ""100 g aguacate""}, {""raw"": ""1 huevo pochado""}, {""raw"": ""10 g semillas de sésamo""}, {""raw"": ""10 g AOVE""}, {""raw"": ""Sal y pimienta""}, {""raw"": ""1 cda de mayonesa light (15 g)""}, {""raw"": ""1 cda de salsa de soja (15 ml)""}, {""raw"": ""1 cda de vinagre de arroz (15 ml)""}, {""raw"": ""1 cdita de miel (opcional para equilibrar)""}, {""raw"": ""Pimienta negra""}]",421,"1. Empanado saludable:
 Corta el pollo en tiras.
 Sal y pimienta.
 Pásalo por huevo batido y luego p...",,lunch,,,True,False
b7387f75-78cf-4ac5-a210-dce87f59c619,BOWL 22 - Bowl Wok de Pollo,Receta lunch,lunch,medium,25,0,1,684,50.0,64.0,26.0,10.0,14.0,165.0,14,"[{""raw"": ""200 g contramuslo de pollo troceado""}, {""raw"": ""150 g fideos gruesos cocidos (udon o arroz grueso)""}, {""raw"": ""80 g brócoli""}, {""raw"": ""50 g zanahoria rallada""}, {""raw"": ""80 g pimiento rojo o verde lavado""}, {""raw"": ""40 g calabacín""}, {""raw"": ""15 g AOVE""}, {""raw"": ""15 g almendras troceadas""}, {""raw"": ""Sal y pimienta""}, {""raw"": ""1 cda salsa de soja (15 ml)  agua para aligerar""}, {""raw"": ""1 cda vinagre de arroz (15 ml)""}, {""raw"": ""1 cdita miel o sirope natural""}, {""raw"": ""1 cdita jengibre rallado""}, {""raw"": ""1 cdita ajo picado""}]",374,"1. Cocina el contramuslo:
 Salpimenta el pollo.
 Saltéalo a fuego medio-alto con AOVE hasta dorar.
 ...",,lunch,,,True,False
5c57323d-fdc8-4fc6-abf3-4b240d19a7d2,BOWL 23 - Bowl Fuego,Receta lunch,lunch,medium,25,0,1,723,28.0,74.0,32.0,7.0,17.0,155.0,19,"[{""raw"": ""180 g contramuslo de pollo (queda más jugoso que la pechuga)""}, {""raw"": ""200 g boniato en cubos""}, {""raw"": ""100 g aguacate""}, {""raw"": ""80 g espinacas frescas""}, {""raw"": ""60 g pimiento rojo""}, {""raw"": ""10 g almendras laminadas""}, {""raw"": ""15 g AOVE""}, {""raw"": ""Sal, pimienta""}, {""raw"": ""Mezcla de especias: pimentón dulce, cúrcuma, ajo en polvo""}, {""raw"": ""1 huevo""}, {""raw"": ""25 g harina de arroz o avena""}, {""raw"": ""1 cdita pimentón""}, {""raw"": ""1 pizca de sal""}, {""raw"": ""1 cda tahini (15 g)""}, {""raw"": ""1 cda limón""}, {""raw"": ""1 cda agua""}, {""raw"": ""1 pizca de sal""}, {""raw"": ""1 pizca de ajo en polvo""}, {""raw"": ""Chips de ajo (1 diente laminado muy fino  gota de AOVE)""}]",376,"1. Asa el boniato:
 En sartén: 8–10 min con 5 g AOVE, sal, pimienta y pimentón.
 Debe quedar tierno ...",,lunch,,,True,False
f72303ba-9192-45d2-baed-7727508af05e,BOWL 24 - Bowl Sushi de Atún Tropical,Receta lunch,lunch,easy,15,0,1,738,30.0,49.0,20.0,7.0,2.0,745.0,15,"[{""raw"": ""160 g atún fresco calidad sushi (en cubos)""}, {""raw"": ""170 g arroz blanco cocido""}, {""raw"": ""120 g mango en cubos""}, {""raw"": ""80 g pepino""}, {""raw"": ""100 g aguacate""}, {""raw"": ""10 g semillas de sésamo""}, {""raw"": ""10 g AOVE (opcional)""}, {""raw"": ""Salsa de soja baja en sal (15 ml)""}, {""raw"": ""Zumo de limón o lima""}, {""raw"": ""Sal y pimienta""}, {""raw"": ""1 cdita miel (opcional para armonizar sabores)""}, {""raw"": ""1 cda salsa de soja""}, {""raw"": ""1 cdita vinagre de arroz""}, {""raw"": ""½ cdita miel""}, {""raw"": ""1 cdita aceite de sésamo (opcional)""}]",384,"1. Corta el atún fresco en cubos y mézclalo con el marinado rápido (soja  vinagre 
miel).
2. Corta e...",,lunch,,,True,False
accb61b2-cfd2-428c-9302-141599b54141,BOWL 25 - Bowl Sushi con Fresas,Receta lunch,lunch,easy,12,0,1,642,44.0,66.0,25.0,10.0,16.0,546.0,15,"[{""raw"": ""160 g atún fresco calidad sushi""}, {""raw"": ""170 g arroz jazmín cocido""}, {""raw"": ""120 g fresas maduras en cubos""}, {""raw"": ""80 g pepino""}, {""raw"": ""100 g aguacate""}, {""raw"": ""10 g semillas de sésamo negro""}, {""raw"": ""10 g AOVE""}, {""raw"": ""1 cda salsa de soja (15 ml)""}, {""raw"": ""Zumo de ½ lima""}, {""raw"": ""1 cdita jengibre rallado (opcional pero brutal)""}, {""raw"": ""1 cda soja""}, {""raw"": ""1 cda lima""}, {""raw"": ""1 cdita miel""}, {""raw"": ""1 cdita agua""}, {""raw"": ""1 cdita jengibre""}]",408,"1. Corta el atún en cubos y déjalo reposar 5 min con salsa soja  lima.
2. Lava y corta las fresas en...",,lunch,,,True,False
f0707b31-adf1-4267-8031-d454c9328609,BOWL 26 - Bowl Proteico Vegetariano,Receta lunch,lunch,easy,15,0,1,737,61.0,55.0,21.0,6.0,3.0,800.0,10,"[{""raw"": ""170 g arroz cocido (blanco o jazmín)""}, {""raw"": ""150 g alubias pintas cocidas (lavadas y escurridas)""}, {""raw"": ""2 huevos tipo 0 - 1 (para tortilla francesa)""}, {""raw"": ""100 g aguacate""}, {""raw"": ""80 g espinacas baby""}, {""raw"": ""40 g cebolla (opcional, salteada)""}, {""raw"": ""10 g AOVE""}, {""raw"": ""Sal y pimienta""}, {""raw"": ""1 chorrito de limón""}, {""raw"": ""Pimentón dulce o cúrcuma (opcional para la tortilla)""}]",391,"1. Prepara la tortilla francesa:
 Bate los huevos con sal y pimienta.
 Opcional: añade cúrcuma o pim...",,lunch,,,True,False
bf0af260-99a6-4128-81de-7d7228148fcb,BOWL 27 - Poke Bowl Tropical con PIña,Receta lunch,lunch,easy,12,0,1,713,39.0,70.0,22.0,7.0,8.0,315.0,17,"[{""raw"": ""160 g salmón fresco calidad sushi (en cubos)""}, {""raw"": ""170 g arroz blanco o jazmín cocido""}, {""raw"": ""120 g piña natural en cubos""}, {""raw"": ""80 g pepino""}, {""raw"": ""80 g aguacate""}, {""raw"": ""10 g semillas de sésamo""}, {""raw"": ""10 g AOVE""}, {""raw"": ""1 cda salsa de soja (15 ml)""}, {""raw"": ""Zumo de ½ lima""}, {""raw"": ""1 cdita miel (opcional para equilibrar)""}, {""raw"": ""Sal y pimienta""}, {""raw"": ""Toque de jengibre (opcional pero queda espectacular)""}, {""raw"": ""1 cda salsa de soja""}, {""raw"": ""1 cdita vinagre de arroz""}, {""raw"": ""1 cdita miel o sirope""}, {""raw"": ""1 cdita lima""}, {""raw"": ""Jengibre rallado""}]",405,"1. Corta el salmón en cubos y mézclalo con el marinado rápido (soja  vinagre  miel 
lima).
2. Corta ...",,lunch,,,True,False
bff57966-5516-41d4-9f00-db87f04ddac1,BOWL 2 - Bowl Proteico de Salmón y Boniato,Receta dinner deliciosa y nutritiva,dinner,easy,10,5,1,520,32.0,45.0,20.0,7.0,8.0,400.0,8,"[{""raw"": ""- 180 g de Salmón fresco""}, {""raw"": ""- 200 g de Boniato""}, {""raw"": ""- 60 g de Espinaca""}, {""raw"": ""- 40 g de Pimiento verde""}, {""raw"": ""- 10 g de AOVE""}, {""raw"": ""- 1 pizca de Cúrcuma, pimienta, ajo en polvo""}, {""raw"": ""- 1 pizca de Sal marina""}, {""raw"": ""- 10 ml de Zumo de 1/4 limón""}]",319,"1. Corta el boniato en cubos y cocínalo al vapor o microondas hasta que esté tierno (5-7 min).
2. En...","normal, high_protein","dinner, post_workout",,"proteico, omega3, post_workout",True,False
2f4cc316-1324-4a36-bfaa-6baa6f3c85c0,BOWL 3 - Bowl Energy de Ternera y Arroz,Receta lunch deliciosa y nutritiva,lunch,medium,20,5,1,580,38.0,55.0,18.0,5.0,4.0,450.0,9,"[{""raw"": ""- 150 g de Carne picada de ternera 90-95 magra""}, {""raw"": ""- 150 g de Arroz cocido""}, {""raw"": ""- 70 g de Calabacín""}, {""raw"": ""- 50 g de Zanahoria""}, {""raw"": ""- 20 g de Cebolla""}, {""raw"": ""- 10 g de AOVE""}, {""raw"": ""- 15 ml de Zumo de 1/2 limón""}, {""raw"": ""- 1 pizca de Orégano o hierbas provenzales""}, {""raw"": ""- 1 pizca de Sal y pimienta""}]",281,"1. Cocina la ternera en sartén con sal, pimienta y orégano.
2. En la misma sartén, añade el calabací...","normal, high_protein",lunch,,"energy, proteico, completo",True,False
83197e76-8412-4062-9627-06687facdfb4,BOWL 4 - Ensalada Mediterránea con Sardinas,Receta lunch deliciosa y nutritiva,lunch,easy,10,0,1,480,28.0,22.0,30.0,8.0,6.0,500.0,9,"[{""raw"": ""- 120 g de Sardinas en aceite de oliva (escurridas)""}, {""raw"": ""- 100 g de Aguacate""}, {""raw"": ""- 150 g de Tomate cherry o rama""}, {""raw"": ""- 80 g de Lechuga o mezcla verde""}, {""raw"": ""- 60 g de Pepino""}, {""raw"": ""- 15 g de AOVE""}, {""raw"": ""- 15 ml de Zumo de 1/2 limón""}, {""raw"": ""- 50 g de Yogur griego (opcional para salsa)""}, {""raw"": ""- 1 pizca de Sal marina y pimienta negra""}]",269,"1. Lava y corta la lechuga, tomates y pepino.
2. Corta el aguacate en cubos grandes.
3. Escurre las ...","mediterranean, high_protein","lunch, dinner",,"mediterraneo, omega3, rapida",True,False
4f20f3f2-7167-42e0-8e5d-351ea3614e34,BOWL 5 - Ensalada Fresca de Atún y Aguacate,Receta lunch deliciosa y nutritiva,lunch,easy,5,0,1,460,32.0,25.0,26.0,7.0,5.0,450.0,8,"[{""raw"": ""- 160 g de Atún en agua o AOVE (escurrido)""}, {""raw"": ""- 100 g de Aguacate""}, {""raw"": ""- 150 g de Tomate""}, {""raw"": ""- 70 g de Cebolla morada""}, {""raw"": ""- 20 g de Aceitunas""}, {""raw"": ""- 15 g de AOVE""}, {""raw"": ""- 10 ml de Zumo de 1/4 limón""}, {""raw"": ""- 1 pizca de Sal y pimienta negra""}]",209,"1. Mezcla en un bol el tomate cortado, la cebolla y las aceitunas.
2. Añade el atún escurrido.
3. In...","normal, high_protein","lunch, dinner",,"rapida, proteico, omega3",True,False
96c710e3-e174-4292-a82e-c3eb6bd924c5,BOWL 6 - Ensalada Mediterránea de Caballa y,Receta lunch,lunch,easy,10,0,1,538,31.0,58.0,31.0,5.0,11.0,257.0,8,"[{""raw"": ""140 g de caballa en AOVE (escurrida)""}, {""raw"": ""100 g de aguacate""}, {""raw"": ""150 g de tomate""}, {""raw"": ""80 g de pepino""}, {""raw"": ""60 g de pimiento rojo""}, {""raw"": ""1 huevo cocido""}, {""raw"": ""15 g de AOVE""}, {""raw"": ""Sal, pimienta negra""}]",208,"1. Corta todas las verduras en cubos medianos.
2. Añade el huevo cocido en cuartos.
3. Coloca la cab...",,lunch,,,True,False
71a54615-6ff2-40ab-8348-44f242e64be3,BOWL 6 - Ensalada Mediterránea de Caballa y Aguacate,Receta lunch deliciosa y nutritiva,lunch,easy,10,0,1,510,26.0,28.0,32.0,9.0,7.0,500.0,9,"[{""raw"": ""- 140 g de Caballa en AOVE""}, {""raw"": ""- 100 g de Aguacate""}, {""raw"": ""- 120 g de Tomate cherry""}, {""raw"": ""- 80 g de Mezcla verde o lechuga""}, {""raw"": ""- 60 g de Pepino""}, {""raw"": ""- 30 g de Cebolla morada""}, {""raw"": ""- 10 g de AOVE extra""}, {""raw"": ""- 15 ml de Zumo de 1/2 limón""}, {""raw"": ""- 1 pizca de Sal y pimienta""}]",259,"1. Lava y corta la lechuga, tomates y pepino.
2. Corta el aguacate en cubos grandes.
3. Escurre la c...","mediterranean, high_protein","lunch, dinner",,"mediterraneo, omega3, rapida",True,False
5d3d61cb-2358-4f69-abd0-932ccbf43fe4,BOWL 7 - Ensalada Verde con Salmón,Receta lunch,lunch,easy,10,0,1,589,35.0,62.0,31.0,2.0,7.0,219.0,8,"[{""raw"": ""150 g de salmón ahumado de buena calidad""}, {""raw"": ""100 g de aguacate""}, {""raw"": ""150 g de mezcla verde: rúcula, canónigos o lechuga""}, {""raw"": ""80 g de tomate cherry""}, {""raw"": ""50 g de pepino""}, {""raw"": ""15 g de AOVE""}, {""raw"": ""Zumo de ½ limón""}, {""raw"": ""Pimienta negra""}]",181,"1. Mezcla la base de hojas verdes con tomates y pepino.
2. Añade el aguacate en cubos.
3. Coloca el ...",,lunch,,,True,False
822cb895-4497-4b1d-8761-6104baee5aab,BOWL 8 - Bowl Power de Pollo hummus y,Receta lunch,lunch,easy,15,0,1,525,56.0,47.0,17.0,10.0,7.0,586.0,7,"[{""raw"": ""180 g de pollo""}, {""raw"": ""180 g de boniato cocido""}, {""raw"": ""70 g de hummus natural""}, {""raw"": ""60 g de espinacas""}, {""raw"": ""50 g de pepino""}, {""raw"": ""10 g de AOVE""}, {""raw"": ""Sal, pimienta, orégano""}]",175,"1. Saltea el pollo con sal y pimienta.
2. Calienta el boniato.
3. Monta el bowl con espinacas de bas...",,lunch,,,True,False
22772a62-e544-4b95-8d40-a5b13526b87e,BOWL 9 - Bowl Proteico de Ternera arroz y,Receta lunch,lunch,medium,20,0,1,543,34.4,59.6,19.2,5.96,8.94,400.0,8,"[{""raw"": ""- 150 g de Ternera magra""}, {""raw"": ""- 150 g de Arroz blanco cocido""}, {""raw"": ""- 100 g de Brócoli al vapor""}, {""raw"": ""- 80 g de Tomate cherry""}, {""raw"": ""- 80 g de Pimiento rojo""}, {""raw"": ""- 10 ml de Aceite de oliva virgen extra""}, {""raw"": ""- 2 g de Sal""}, {""raw"": ""- 1 g de Pimienta negra""}]",527,"1. Cocina la ternera magra en una sartén con aceite de oliva, sal y pimienta durante 5-6 minutos has...",,lunch,,,True,False
90a4f217-6383-45b9-9711-552662264400,CREMA 10 - Crema Blanca de,Receta dinner,dinner,medium,20,0,1,538,32.0,42.0,7.0,3.0,6.0,639.0,4,"[{""raw"": ""200 g puerro""}, {""raw"": ""150 g patata""}, {""raw"": ""1 cdita AOVE""}, {""raw"": ""Sal y pimienta""}]",81,"Cocina puerro y patata hasta ablandar.
 Tritura con AOVE.
 Ajusta sal y pimienta.",,dinner,,,True,False
8f277061-d29c-4f61-b373-d465afe77486,CREMA 10 - Crema Blanca de,Receta dinner,dinner,easy,20,0,1,339,27.0,59.0,13.0,8.0,18.0,510.0,4,"[{""raw"": ""200 g puerro""}, {""raw"": ""150 g patata""}, {""raw"": ""1 cdita AOVE""}, {""raw"": ""Sal y pimienta""}]",88,"1. Cocina puerro y patata hasta ablandar.
2. Tritura con AOVE.
3. Ajusta sal y pimienta.",,dinner,,,True,False
c8c4cc61-0643-495b-aab7-313c3b4a131e,CREMA 11 - Crema de Patata y,Receta dinner,dinner,medium,20,0,1,338,31.0,70.0,21.0,7.0,10.0,732.0,11,"[{""raw"": ""150 g patata""}, {""raw"": ""1 calabacín""}, {""raw"": ""½ cebolla""}, {""raw"": ""AOVE""}, {""raw"": ""Sal""}, {""raw"": ""300 g patata""}, {""raw"": ""40 g queso fresco batido o 40 g queso fresco normal (para cremosidad sin""}, {""raw"": ""1 cdita AOVE""}, {""raw"": ""40–60 ml agua caliente o caldo suave (según textura)""}, {""raw"": ""Sal""}, {""raw"": ""Pimienta blanca (opcional, pero queda delicioso)""}]",1935,"Cocina todo junto.
 Tritura con AOVE.
 Ajusta de sal.
 Cocina las patatas en agua con sal hasta que ...",,dinner,,,True,False
8cccbea0-e888-4131-8055-26425286baa1,CREMA 11 - Crema de Patata y,Receta dinner,dinner,easy,15,0,1,432,37.0,59.0,10.0,9.0,1.0,247.0,11,"[{""raw"": ""150 g patata""}, {""raw"": ""1 calabacín""}, {""raw"": ""½ cebolla""}, {""raw"": ""AOVE""}, {""raw"": ""Sal""}, {""raw"": ""300 g patata""}, {""raw"": ""40 g queso fresco batido o 40 g queso fresco normal (para cremosidad sin""}, {""raw"": ""1 cdita AOVE""}, {""raw"": ""40–60 ml agua caliente o caldo suave (según textura)""}, {""raw"": ""Sal""}, {""raw"": ""Pimienta blanca (opcional, pero queda delicioso)""}]",60,"1. Cocina todo junto.
2. Tritura con AOVE.
3. Ajusta de sal.",,dinner,,,True,False
06968c46-3cdd-4f66-8f42-6d85606b1c53,CREMA 1 - Crema de Calabaza y,Receta dinner,dinner,medium,20,0,1,352,33.0,56.0,10.0,2.0,5.0,516.0,6,"[{""raw"": ""300 g calabaza""}, {""raw"": ""100 g zanahoria""}, {""raw"": ""½ cebolla""}, {""raw"": ""1 diente ajo""}, {""raw"": ""10 g AOVE""}, {""raw"": ""Sal y pimienta""}]",85,"Cocina calabaza, zanahoria, cebolla y ajo.
 Tritura con AOVE.
 Ajusta sal y pimienta.",,dinner,,,True,False
65d225fd-4521-4c6a-a08c-61f2952037fd,CREMA 1 - Crema de Calabaza y,Receta dinner,dinner,medium,20,0,1,468,33.0,57.0,22.0,6.0,4.0,192.0,6,"[{""raw"": ""300 g calabaza""}, {""raw"": ""100 g zanahoria""}, {""raw"": ""½ cebolla""}, {""raw"": ""1 diente ajo""}, {""raw"": ""10 g AOVE""}, {""raw"": ""Sal y pimienta""}]",85,"Cocina calabaza, zanahoria, cebolla y ajo.
 Tritura con AOVE.
 Ajusta sal y pimienta.",,dinner,,,True,False
0f018695-bc7d-4d3a-a2ea-70f02997b23e,CREMA 1 - Crema de Calabaza y Zanahoria Suave,Receta dinner deliciosa y nutritiva,dinner,easy,10,10,1,180,4.0,25.0,8.0,6.0,8.0,350.0,6,"[{""raw"": ""- 300 g de Calabaza""}, {""raw"": ""- 100 g de Zanahoria""}, {""raw"": ""- 50 g de Cebolla""}, {""raw"": ""- 1 diente de Ajo""}, {""raw"": ""- 10 g de AOVE""}, {""raw"": ""- 1 pizca de Sal y pimienta""}]",155,"1. Cocina calabaza, zanahoria, cebolla y ajo hasta que estén tiernos.
2. Tritura con AOVE hasta obte...","vegetarian, vegan",dinner,,"crema, vegetariano, suave",True,False
bb7a0acd-685a-4038-9fc0-3e107f19d7e9,CREMA 2 - Crema de Calabacín con,Receta dinner,dinner,easy,15,0,1,300,45.0,45.0,18.0,2.0,4.0,264.0,5,"[{""raw"": ""2 calabacines""}, {""raw"": ""½ cebolla""}, {""raw"": ""60 g queso fresco o de cabra""}, {""raw"": ""1 cdita AOVE""}, {""raw"": ""Sal y pimienta""}]",94,"1. Cocina calabacín y cebolla.
2. Tritura con queso fresco/cabra y AOVE.
3. Pimienta al gusto.",,dinner,,,True,False
cf7c88a8-5065-4df4-bdfd-9b1bd8b48b6e,CREMA 2 - Crema de Calabacín con,Receta dinner,dinner,medium,20,0,1,381,26.0,37.0,22.0,5.0,10.0,262.0,5,"[{""raw"": ""2 calabacines""}, {""raw"": ""½ cebolla""}, {""raw"": ""60 g queso fresco o de cabra""}, {""raw"": ""1 cdita AOVE""}, {""raw"": ""Sal y pimienta""}]",87,"Cocina calabacín y cebolla.
 Tritura con queso fresco/cabra y AOVE.
 Pimienta al gusto.",,dinner,,,True,False
20306a58-328d-4ecc-a012-cd233d51c5dc,CREMA 2 - Crema de Calabacín con Queso,Receta dinner deliciosa y nutritiva,dinner,easy,10,5,1,220,12.0,18.0,11.0,4.0,6.0,380.0,5,"[{""raw"": ""- 200 g de Calabacines""}, {""raw"": ""- 50 g de Cebolla""}, {""raw"": ""- 60 g de Queso fresco o de cabra""}, {""raw"": ""- 5 g de AOVE""}, {""raw"": ""- 1 pizca de Sal y pimienta""}]",150,"1. Cocina calabacín y cebolla hasta que estén tiernos.
2. Tritura con queso fresco/cabra y AOVE hast...",vegetarian,dinner,,"crema, vegetariano, cremosa",True,False
8dd5eea1-be24-41a2-a50e-3a6aec26052f,CREMA 3 - Puré de Patata y,Receta lunch,lunch,easy,20,0,1,387,34.0,68.0,13.0,2.0,2.0,636.0,5,"[{""raw"": ""200 g patata""}, {""raw"": ""150 g zanahoria""}, {""raw"": ""1 huevo duro""}, {""raw"": ""10 g AOVE""}, {""raw"": ""Sal""}]",102,"1. Cocina patata y zanahoria.

2. Tritura con AOVE hasta que quede puré.
3. Añade huevo picado encim...",,lunch,,,True,False
c947d335-ce3e-4856-a825-b453882f2ef3,CREMA 3 - Puré de Patata y,Receta lunch,lunch,medium,20,0,1,598,47.0,68.0,22.0,4.0,9.0,783.0,5,"[{""raw"": ""200 g patata""}, {""raw"": ""150 g zanahoria""}, {""raw"": ""1 huevo duro""}, {""raw"": ""10 g AOVE""}, {""raw"": ""Sal""}]",94,"Cocina patata y zanahoria.
 Tritura con AOVE hasta que quede puré.
 Añade huevo picado encima.",,lunch,,,True,False
bfa67f47-9d2f-4f12-9a1a-b3bbb51f2b67,CREMA 3 - Puré de Patata y Zanahoria con Huevo Picado,Receta lunch deliciosa y nutritiva,lunch,easy,10,10,1,350,15.0,48.0,12.0,6.0,7.0,400.0,5,"[{""raw"": ""- 200 g de Patata""}, {""raw"": ""- 150 g de Zanahoria""}, {""raw"": ""- 1 unidad de Huevo duro""}, {""raw"": ""- 10 g de AOVE""}, {""raw"": ""- 1 pizca de Sal""}]",145,"1. Cocina patata y zanahoria hasta que estén muy blandas.
2. Tritura con AOVE hasta que quede puré s...",vegetarian,lunch,,"pure, proteico, comfort",True,False
372816a5-429d-4399-a73f-cd6dbf8e2529,CREMA 4 - Crema de Pimiento Rojo,Receta lunch,lunch,easy,20,0,1,533,34.0,73.0,19.0,10.0,2.0,720.0,5,"[{""raw"": ""2 pimientos rojos""}, {""raw"": ""2 tomates""}, {""raw"": ""½ cebolla""}, {""raw"": ""10 g AOVE""}, {""raw"": ""Sal y pimienta""}]",85,"1. Asa o saltea pimientos, tomates y cebolla.
2. Tritura con AOVE.

3. Ajusta de sal.",,lunch,,,True,False
5d14e3a8-6bbd-4598-9aa9-e00eef8cceac,CREMA 4 - Crema de Pimiento Rojo,Receta lunch,lunch,medium,20,0,1,350,32.0,67.0,25.0,12.0,8.0,314.0,5,"[{""raw"": ""2 pimientos rojos""}, {""raw"": ""2 tomates""}, {""raw"": ""½ cebolla""}, {""raw"": ""10 g AOVE""}, {""raw"": ""Sal y pimienta""}]",77,"Asa o saltea pimientos, tomates y cebolla.
 Tritura con AOVE.
 Ajusta de sal.",,lunch,,,True,False
74159005-34c3-4cd6-9881-9bd79b8d9521,CREMA 5 - Puré de Boniato y,Receta dinner,dinner,medium,20,0,1,515,32.0,60.0,16.0,6.0,10.0,280.0,4,"[{""raw"": ""250 g boniato""}, {""raw"": ""150 g zanahoria""}, {""raw"": ""10 g AOVE""}, {""raw"": ""Pizca de sal""}]",58,"Cocina boniato y zanahoria.
 Tritura con AOVE.
 Añade sal.",,dinner,,,True,False
b99fedb6-23b1-4eac-b89f-8372fe6c4380,CREMA 5 - Puré de Boniato y,Receta dinner,dinner,easy,20,0,1,286,37.0,43.0,10.0,2.0,7.0,186.0,4,"[{""raw"": ""250 g boniato""}, {""raw"": ""150 g zanahoria""}, {""raw"": ""10 g AOVE""}, {""raw"": ""Pizca de sal""}]",65,"1. Cocina boniato y zanahoria.
2. Tritura con AOVE.
3. Añade sal.",,dinner,,,True,False
6acbdfd8-a5e4-4a8b-bd65-018bf0e6806d,CREMA 6 - Crema de Verduras,Receta lunch,lunch,medium,20,0,1,637,28.0,74.0,13.0,5.0,15.0,800.0,6,"[{""raw"": ""1 calabacín""}, {""raw"": ""1 zanahoria""}, {""raw"": ""1 pimiento rojo""}, {""raw"": ""½ cebolla""}, {""raw"": ""10 g AOVE""}, {""raw"": ""Sal y pimienta""}]",92,"Asa las verduras o márcalas en sartén.
 Tritura con un poco de agua.
 Ajusta sal y pimienta.",,lunch,,,True,False
ab2a9ec8-658d-497b-8e11-251b0bb169ab,CREMA 6 - Crema de Verduras,Receta lunch,lunch,medium,25,0,1,598,37.0,66.0,23.0,7.0,12.0,244.0,6,"[{""raw"": ""1 calabacín""}, {""raw"": ""1 zanahoria""}, {""raw"": ""1 pimiento rojo""}, {""raw"": ""½ cebolla""}, {""raw"": ""10 g AOVE""}, {""raw"": ""Sal y pimienta""}]",99,"1. Asa las verduras o márcalas en sartén.
2. Tritura con un poco de agua.
3. Ajusta sal y pimienta.",,lunch,,,True,False
d275f74d-6c6b-4775-97bf-dd8cdb766d81,CREMA 7 - Crema Suave de Coliflor,Receta dinner,dinner,medium,20,0,1,415,37.0,42.0,11.0,4.0,9.0,153.0,5,"[{""raw"": ""250 g coliflor""}, {""raw"": ""100 g patata""}, {""raw"": ""40 g queso fresco (opcional)""}, {""raw"": ""1 cdita AOVE""}, {""raw"": ""Sal y pimienta""}]",72,"1. Cocina coliflor y patata.
2. Tritura con queso y AOVE.
3. Ajusta sal.",,dinner,,,True,False
c2fefa5c-e5f8-4fe5-acfd-4f91600fd9b6,CREMA 7 - Crema Suave de Coliflor,Receta dinner,dinner,medium,20,0,1,392,28.0,49.0,16.0,2.0,3.0,215.0,5,"[{""raw"": ""250 g coliflor""}, {""raw"": ""100 g patata""}, {""raw"": ""40 g queso fresco (opcional)""}, {""raw"": ""1 cdita AOVE""}, {""raw"": ""Sal y pimienta""}]",65,"Cocina coliflor y patata.
 Tritura con queso y AOVE.
 Ajusta sal.",,dinner,,,True,False
97b20d86-26c8-4e40-9d6a-f59576bd3574,CREMA 8 - Crema de Calabacín con,Receta dinner,dinner,easy,18,0,1,466,33.0,39.0,17.0,12.0,16.0,530.0,4,"[{""raw"": ""2 calabacines""}, {""raw"": ""1 puerro""}, {""raw"": ""1 cdita AOVE""}, {""raw"": ""Sal y pimienta""}]",91,"1. Sofríe puerro 3 min.
2. Añade calabacín  agua.
3. Cocina 10–12 min.
4. Tritura con AOVE.",,dinner,,,True,False
e68fc0c7-a1fd-48a7-8c7e-36129118c1d8,CREMA 8 - Crema de Calabacín con,Receta dinner,dinner,medium,20,0,1,440,45.0,58.0,19.0,7.0,6.0,454.0,4,"[{""raw"": ""2 calabacines""}, {""raw"": ""1 puerro""}, {""raw"": ""1 cdita AOVE""}, {""raw"": ""Sal y pimienta""}]",82,"Sofríe puerro 3 min.
 Añade calabacín  agua.
 Cocina 10–12 min.
 Tritura con AOVE.",,dinner,,,True,False
46998dd4-28cb-4620-ae34-1d6066ad19a5,CREMA 9 - Puré de Lenteja Roja,Receta lunch,lunch,medium,20,0,1,492,45.0,52.0,22.0,10.0,3.0,459.0,5,"[{""raw"": ""80 g lenteja roja""}, {""raw"": ""150 g zanahoria""}, {""raw"": ""½ cebolla""}, {""raw"": ""1 cdita AOVE""}, {""raw"": ""Sal y comino suave""}]",102,"1. Cocina lenteja roja, zanahoria y cebolla.
2. Tritura con AOVE y una pizca de comino.
3. Ajusta sa...",,lunch,,,True,False
f2833710-68fe-40e5-84b9-452f4b53ab59,CREMA 9 - Puré de Lenteja Roja,Receta lunch,lunch,medium,20,0,1,479,34.0,46.0,10.0,10.0,15.0,178.0,5,"[{""raw"": ""80 g lenteja roja""}, {""raw"": ""150 g zanahoria""}, {""raw"": ""½ cebolla""}, {""raw"": ""1 cdita AOVE""}, {""raw"": ""Sal y comino suave""}]",95,"Cocina lenteja roja, zanahoria y cebolla.
 Tritura con AOVE y una pizca de comino.
 Ajusta sal.",,lunch,,,True,False
da2490ca-a34a-42f2-905d-56ab143a3e07,FAJITA 10 - Fajita Fantasía con Salsa de,Receta lunch,lunch,medium,20,0,1,273,6.2,34.3,13.0,4.12,3.43,400.0,7,"[{""raw"": ""- 1 unidad de Tortilla integral""}, {""raw"": ""- 10 ml de Aceite de oliva""}, {""raw"": ""- 2 g de Sal""}, {""raw"": ""- 1 g de Pimienta""}, {""raw"": ""- 80 g de Tomate""}, {""raw"": ""- 80 g de Pimiento""}, {""raw"": ""- 50 g de Cebolla""}]",431,"1. Corta las verduras (tomate, pimiento) en tiras finas y saltéalas en la misma sartén durante 2-3 m...",,lunch,,,True,False
7dc5767d-ef03-4563-96bf-dec517b11e0a,FAJITA 11 - Kebab de Pollo y Salsa de Yogur,Receta lunch,lunch,easy,20,0,1,757,43.0,68.0,21.0,11.0,6.0,527.0,118,"[{""raw"": ""150 g pollo en tiras""}, {""raw"": ""60 g lechuga o repollo""}, {""raw"": ""40 g tomate""}, {""raw"": ""40 g pepino""}, {""raw"": ""20 g pimiento rojo (clave para hierro  vit C)""}, {""raw"": ""50 g yogur natural sin azúcar""}, {""raw"": ""Zumo de limón ( vitamina C)""}, {""raw"": ""1 pizca de ajo en polvo""}, {""raw"": ""1 pizca sal  comino  cúrcuma  pimienta negra  pimentón dulce""}, {""raw"": ""1 chorrito de agua para textura""}, {""raw"": ""10 g de AOVE""}, {""raw"": ""Tortilla integral o de trigo sarraceno (de ser posible) (60-70 g)""}, {""raw"": ""150 g salmón en cubos""}, {""raw"": ""120 g patata en dados pequeños""}, {""raw"": ""80 g puerro picado""}, {""raw"": ""50 g zanahoria picada""}, {""raw"": ""200 ml caldo de pescado o verduras""}, {""raw"": ""1 hoja de laurel""}, {""raw"": ""10 g AOVE""}, {""raw"": ""Eneldo, pimienta, sal""}, {""raw"": ""(Opcional) 1 chorrito de leche de coco ligera para textura""}, {""raw"": ""1 huevo cocido""}, {""raw"": ""50 g salmón ahumado""}, {""raw"": ""40 g aguacate""}, {""raw"": ""1 rebanada pan masa madre""}, {""raw"": ""10 g nueces pecanas o de Brasil""}, {""raw"": ""AOVE""}, {""raw"": ""Fácil""}, {""raw"": ""12 min""}, {""raw"": ""2 rebanadas pan de masa madre""}, {""raw"": ""150 g pollo""}, {""raw"": ""100 g aguacate""}, {""raw"": ""80 g tomate""}, {""raw"": ""10 g AOVE""}, {""raw"": ""Orégano, sal, pimienta""}, {""raw"": ""Fácil""}, {""raw"": ""10 min""}, {""raw"": ""1 bagel""}, {""raw"": ""120 g salmón ahumado""}, {""raw"": ""1 huevo cocido""}, {""raw"": ""30 g lechuga""}, {""raw"": ""20g tomate""}, {""raw"": ""50 g pepino""}, {""raw"": ""AOVE  limón""}, {""raw"": ""2 rebanadas pan de centeno""}, {""raw"": ""1 lata de atún""}, {""raw"": ""100 g guacamole""}, {""raw"": ""50 g zanahoria rallada""}, {""raw"": ""Limón""}, {""raw"": ""2 rebanadas pan de kamut""}, {""raw"": ""150 g ternera en tiras""}, {""raw"": ""80 g pimiento""}, {""raw"": ""10 g AOVE""}, {""raw"": ""Sal y pimienta""}, {""raw"": ""1 pan de pagès masa madre (120 g)""}, {""raw"": ""2 huevos""}, {""raw"": ""80 g aguacate""}, {""raw"": ""Pimienta y limón""}, {""raw"": ""1 bagel integral""}, {""raw"": ""150 g pavo""}, {""raw"": ""50 g pepino""}, {""raw"": ""Salsa: 1 cda tahini  limón  agua  sal""}, {""raw"": ""2 rebanadas pan de masa madre""}, {""raw"": ""1 berenjena en rodajas""}, {""raw"": ""80 g queso fresco""}, {""raw"": ""100 g tomate""}, {""raw"": ""AOVE, orégano""}, {""raw"": ""1 mini baguette masa madre""}, {""raw"": ""150 g atún""}, {""raw"": ""1 huevo duro""}, {""raw"": ""80 g pimiento""}, {""raw"": ""Tomate en rodajdas""}, {""raw"": ""20-30 gr mayonesa light""}, {""raw"": ""Pan de pagès (120 g)""}, {""raw"": ""150 g pollo""}, {""raw"": ""100 g guacamole""}, {""raw"": ""80 g tomate en rodajas""}, {""raw"": ""Lechuga""}, {""raw"": ""1 bagel integral""}, {""raw"": ""150 g tofu""}, {""raw"": ""80 g Tomate en rodajas""}, {""raw"": ""80 g aguacate""}, {""raw"": ""Salsa soja  limón""}, {""raw"": ""1 mini baguette""}, {""raw"": ""150 g pavo""}, {""raw"": ""80 g pimiento""}, {""raw"": ""40 g hummus""}, {""raw"": ""Pan pagès (120 g)""}, {""raw"": ""150 g carne picada magra""}, {""raw"": ""30 g queso""}, {""raw"": ""80 g tomate""}, {""raw"": ""2 rebanadas pan kamut""}, {""raw"": ""1/2 berenjena""}, {""raw"": ""80 g espinacas""}, {""raw"": ""Salsa tahini-limón""}, {""raw"": ""1 mini baguette""}, {""raw"": ""1 lata atún""}, {""raw"": ""100 g guacamole""}, {""raw"": ""50 g zanahoria rallada""}, {""raw"": ""Limón""}, {""raw"": ""Fácil""}, {""raw"": ""12 minutos""}, {""raw"": ""2 rebanadas pan de masa madre integral""}, {""raw"": ""150 g pollo en tiras""}, {""raw"": ""60 g lechuga""}, {""raw"": ""80 g tomate""}, {""raw"": ""10 g AOVE""}, {""raw"": ""1 cda yogur""}, {""raw"": ""1 cdita mostaza""}, {""raw"": ""1 cdita miel""}, {""raw"": ""Sal y pimienta""}, {""raw"": ""Fácil""}, {""raw"": ""10 minutos""}, {""raw"": ""1 bagel masa madre""}, {""raw"": ""3 huevos""}, {""raw"": ""80 g aguacate""}, {""raw"": ""Sal, pimienta""}, {""raw"": ""5 g AOVE para la sartén""}]",420,"1. Marina el pollo 5 min con comino  cúrcuma  pimentón  pizca sal  AOVE.
2. Cocina a fuego alto 4–5 ...",,lunch,,,True,False
b63f81c2-5a9a-4436-8fe2-d0bf9b6ce3bd,FAJITA 1 - Fajita de Pollo Clásica,Receta lunch,lunch,medium,20,0,1,378,35.1,20.6,16.1,2.47,2.06,400.0,5,"[{""raw"": ""- 150 g de Pechuga de pollo""}, {""raw"": ""- 1 unidad de Tortilla integral""}, {""raw"": ""- 10 ml de Aceite de oliva""}, {""raw"": ""- 2 g de Sal""}, {""raw"": ""- 1 g de Pimienta""}]",425,"1. Corta el pechuga de pollo en tiras y saltéalo en una sartén con aceite de oliva, sal y pimienta d...",,lunch,,,True,False
fa03f8b7-78f1-4a3c-85f5-7eda5943bca9,FAJITA 2 - Fajita de Pollo No tan Clásica,Receta lunch,lunch,medium,20,0,1,378,35.1,20.6,16.1,2.47,2.06,400.0,5,"[{""raw"": ""- 150 g de Pechuga de pollo""}, {""raw"": ""- 1 unidad de Tortilla integral""}, {""raw"": ""- 10 ml de Aceite de oliva""}, {""raw"": ""- 2 g de Sal""}, {""raw"": ""- 1 g de Pimienta""}]",425,"1. Corta el pechuga de pollo en tiras y saltéalo en una sartén con aceite de oliva, sal y pimienta d...",,lunch,,,True,False
4cbd8ebe-9c7b-4bd8-ba7e-9c0d4d137dd6,FAJITA 3 - Fajita de Carne con Queso,Receta lunch,lunch,medium,20,0,1,443,36.1,22.6,22.5,2.71,2.26,400.0,6,"[{""raw"": ""- 150 g de Carne de res""}, {""raw"": ""- 1 unidad de Tortilla integral""}, {""raw"": ""- 40 g de Queso fresco""}, {""raw"": ""- 10 ml de Aceite de oliva""}, {""raw"": ""- 2 g de Sal""}, {""raw"": ""- 1 g de Pimienta""}]",408,"1. Cocina la carne de res en una sartén con aceite de oliva, sal y pimienta durante 5-6 minutos hast...",,lunch,,,True,False
66e30ddc-ff99-4c12-b748-20e6c232c003,FAJITA 4 - Fajita de Atún con Zanahoria,Receta dinner,dinner,medium,20,0,1,358,30.7,26.6,13.6,3.19,2.66,400.0,6,"[{""raw"": ""- 120 g de Atún al natural""}, {""raw"": ""- 1 unidad de Tortilla integral""}, {""raw"": ""- 60 g de Zanahoria""}, {""raw"": ""- 10 ml de Aceite de oliva""}, {""raw"": ""- 2 g de Sal""}, {""raw"": ""- 1 g de Pimienta""}]",538,"1. Cocina el atún al natural en una sartén con aceite de oliva, sal y pimienta durante 2-3 minutos p...",,dinner,,,True,False
fe24cb85-1b45-4180-bdd3-570435a97547,FAJITA 5 - Fajita de Berenjena,Receta lunch,lunch,medium,20,0,1,238,5.1,26.6,12.7,3.19,2.66,400.0,5,"[{""raw"": ""- 1 unidad de Tortilla integral""}, {""raw"": ""- 100 g de Berenjena""}, {""raw"": ""- 10 ml de Aceite de oliva""}, {""raw"": ""- 2 g de Sal""}, {""raw"": ""- 1 g de Pimienta""}]",418,"1. Corta la berenjena en tiras y saltéala en una sartén con aceite de oliva, sal y pimienta durante ...",,lunch,,,True,False
37b1f2a1-01ab-42f5-ba51-065226db0d9d,FAJITA 6 - Fajita de Pollo al Limón,Receta lunch,lunch,medium,20,0,1,381,35.1,21.4,16.1,2.57,2.14,400.0,6,"[{""raw"": ""- 150 g de Pechuga de pollo""}, {""raw"": ""- 1 unidad de Tortilla integral""}, {""raw"": ""- 10 ml de Limón""}, {""raw"": ""- 10 ml de Aceite de oliva""}, {""raw"": ""- 2 g de Sal""}, {""raw"": ""- 1 g de Pimienta""}]",425,"1. Corta el pechuga de pollo en tiras y saltéalo en una sartén con aceite de oliva, sal y pimienta d...",,lunch,,,True,False
7a232603-08fa-4e9a-b572-2aaee3cbe0f8,FAJITA 7 - Fajita Vegetal con Salsa de Yogur,Receta dinner,dinner,medium,20,0,1,272,14.1,24.2,12.9,2.9,2.42,400.0,5,"[{""raw"": ""- 1 unidad de Tortilla integral""}, {""raw"": ""- 100 g de Yogur griego""}, {""raw"": ""- 10 ml de Aceite de oliva""}, {""raw"": ""- 2 g de Sal""}, {""raw"": ""- 1 g de Pimienta""}]",404,"1. Prepara la salsa de yogur mezclando el yogur griego con un poco de aceite de oliva, sal, pimienta...",,dinner,,,True,False
056a5cb2-fbfd-44cd-9d48-72a3ae0ca520,FAJITA 8 - Fajita de Carne Picada Mex,Receta lunch,lunch,medium,20,0,1,393,30.1,20.6,20.5,2.47,2.06,400.0,5,"[{""raw"": ""- 150 g de Carne de res""}, {""raw"": ""- 1 unidad de Tortilla integral""}, {""raw"": ""- 10 ml de Aceite de oliva""}, {""raw"": ""- 2 g de Sal""}, {""raw"": ""- 1 g de Pimienta""}]",408,"1. Cocina la carne de res en una sartén con aceite de oliva, sal y pimienta durante 5-6 minutos hast...",,lunch,,,True,False
0f0c54e6-c2e8-4feb-8adb-6e69e8654cc8,FAJITA 9 - Fajita de Atún,Receta dinner,dinner,medium,20,0,1,333,30.1,20.6,13.5,2.47,2.06,400.0,5,"[{""raw"": ""- 120 g de Atún al natural""}, {""raw"": ""- 1 unidad de Tortilla integral""}, {""raw"": ""- 10 ml de Aceite de oliva""}, {""raw"": ""- 2 g de Sal""}, {""raw"": ""- 1 g de Pimienta""}]",397,"1. Cocina el atún al natural en una sartén con aceite de oliva, sal y pimienta durante 2-3 minutos p...",,dinner,,,True,False
80940774-ce60-48e1-8861-e8b15ab533e9,PURÉ DE PATATA CREMOSO,Receta dinner deliciosa y nutritiva,dinner,easy,20,10,1,380,10.0,52.0,14.0,5.0,4.0,400.0,6,"[{""raw"": ""- 300 g de Patata""}, {""raw"": ""- 40 g de Queso fresco batido""}, {""raw"": ""- 5 g de AOVE""}, {""raw"": ""- 50 ml de Agua caliente o caldo""}, {""raw"": ""- 1 pizca de Sal""}, {""raw"": ""- 1 pizca de Pimienta blanca""}]",433,"1. Cocina las patatas en agua con sal hasta que estén muy blandas.
2. Escúrrelas bien y tritúralas c...",vegetarian,"dinner, lunch",,"pure, comfort, cremoso",True,False
bd62a75e-2a4b-461c-9245-ed9f8e13c7b9,TABLA 10 - Tabla Vegana Alta en Fibra,Receta lunch,lunch,easy,10,0,1,153,2.2,14.3,10.5,1.72,1.43,400.0,6,"[{""raw"": ""- 10 ml de Aceite de oliva""}, {""raw"": ""- 2 g de Sal""}, {""raw"": ""- 1 g de Pimienta""}, {""raw"": ""- 80 g de Tomate""}, {""raw"": ""- 80 g de Pimiento""}, {""raw"": ""- 50 g de Cebolla""}]",370,"Cocina el pollo
 Sazona con sal y pimienta.
 Cocina a la plancha y córtalo en tiras una vez repose
 ...",,lunch,,,True,False
7655741c-bccc-4ac5-b901-dd24cf98e41b,TABLA 11 - Tabla TESTO BOOSTER A,Receta lunch,lunch,medium,20,0,1,153,2.2,14.3,10.5,1.72,1.43,400.0,6,"[{""raw"": ""- 10 ml de Aceite de oliva""}, {""raw"": ""- 2 g de Sal""}, {""raw"": ""- 1 g de Pimienta""}, {""raw"": ""- 80 g de Tomate""}, {""raw"": ""- 80 g de Pimiento""}, {""raw"": ""- 50 g de Cebolla""}]",382,"1. Prepara todos los ingredientes: lava y corta las verduras en trozos del tamaño deseado.
2. Si inc...",,lunch,,,True,False
34d7812f-7bb6-4581-9b6a-a2b01a5e0adf,TABLA 12 - Tabla TESTO BOOSTER B,Receta lunch,lunch,medium,20,0,1,153,2.2,14.3,10.5,1.72,1.43,400.0,6,"[{""raw"": ""- 10 ml de Aceite de oliva""}, {""raw"": ""- 2 g de Sal""}, {""raw"": ""- 1 g de Pimienta""}, {""raw"": ""- 80 g de Tomate""}, {""raw"": ""- 80 g de Pimiento""}, {""raw"": ""- 50 g de Cebolla""}]",382,"1. Prepara todos los ingredientes: lava y corta las verduras en trozos del tamaño deseado.
2. Si inc...",,lunch,,,True,False
94b36a8a-e823-44e8-9aa2-26230190f0c9,TABLA 13 - Tabla Pro Digestiva,Receta dinner,dinner,medium,20,0,1,153,2.2,14.3,10.5,1.72,1.43,400.0,6,"[{""raw"": ""- 10 ml de Aceite de oliva""}, {""raw"": ""- 2 g de Sal""}, {""raw"": ""- 1 g de Pimienta""}, {""raw"": ""- 80 g de Tomate""}, {""raw"": ""- 80 g de Pimiento""}, {""raw"": ""- 50 g de Cebolla""}]",382,"1. Prepara todos los ingredientes: lava y corta las verduras en trozos del tamaño deseado.
2. Si inc...",,dinner,,,True,False
364f67fc-b6bd-4c24-80b1-32ff10eb1543,TABLA 14 - Tabla Anti-Inflamatoria,Receta dinner,dinner,medium,20,0,1,153,2.2,14.3,10.5,1.72,1.43,400.0,6,"[{""raw"": ""- 10 ml de Aceite de oliva""}, {""raw"": ""- 2 g de Sal""}, {""raw"": ""- 1 g de Pimienta""}, {""raw"": ""- 80 g de Tomate""}, {""raw"": ""- 80 g de Pimiento""}, {""raw"": ""- 50 g de Cebolla""}]",382,"1. Prepara todos los ingredientes: lava y corta las verduras en trozos del tamaño deseado.
2. Si inc...",,dinner,,,True,False
fcbd9cd8-c912-4219-abfd-354ee4f941df,TABLA 15 - Tabla Azul Mediterránea,Receta lunch,lunch,medium,20,0,1,153,2.2,14.3,10.5,1.72,1.43,400.0,6,"[{""raw"": ""- 10 ml de Aceite de oliva""}, {""raw"": ""- 2 g de Sal""}, {""raw"": ""- 1 g de Pimienta""}, {""raw"": ""- 80 g de Tomate""}, {""raw"": ""- 80 g de Pimiento""}, {""raw"": ""- 50 g de Cebolla""}]",382,"1. Prepara todos los ingredientes: lava y corta las verduras en trozos del tamaño deseado.
2. Si inc...",,lunch,,,True,False
74049065-5528-43d3-8147-1179ff151de0,TABLA 16 - Tabla Pescado Blanco,Receta dinner,dinner,medium,20,0,1,153,2.2,14.3,10.5,1.72,1.43,400.0,6,"[{""raw"": ""- 10 ml de Aceite de oliva""}, {""raw"": ""- 2 g de Sal""}, {""raw"": ""- 1 g de Pimienta""}, {""raw"": ""- 80 g de Tomate""}, {""raw"": ""- 80 g de Pimiento""}, {""raw"": ""- 50 g de Cebolla""}]",382,"1. Prepara todos los ingredientes: lava y corta las verduras en trozos del tamaño deseado.
2. Si inc...",,dinner,,,True,False
f7e220c8-48a2-4d6e-9f50-c17b1731b2af,TABLA 17 - Tabla Carne Roja Power,Receta lunch,lunch,medium,20,0,1,333,28.2,14.3,18.5,1.72,1.43,400.0,7,"[{""raw"": ""- 150 g de Carne de res""}, {""raw"": ""- 10 ml de Aceite de oliva""}, {""raw"": ""- 2 g de Sal""}, {""raw"": ""- 1 g de Pimienta""}, {""raw"": ""- 80 g de Tomate""}, {""raw"": ""- 80 g de Pimiento""}, {""raw"": ""- 50 g de Cebolla""}]",382,"1. Prepara todos los ingredientes: lava y corta las verduras en trozos del tamaño deseado.
2. Si inc...",,lunch,,,True,False
cc7490d8-9079-4836-9903-ce68d5f89bfd,TABLA 18 - Tabla Clásica,Receta lunch,lunch,medium,20,0,1,153,2.2,14.3,10.5,1.72,1.43,400.0,6,"[{""raw"": ""- 10 ml de Aceite de oliva""}, {""raw"": ""- 2 g de Sal""}, {""raw"": ""- 1 g de Pimienta""}, {""raw"": ""- 80 g de Tomate""}, {""raw"": ""- 80 g de Pimiento""}, {""raw"": ""- 50 g de Cebolla""}]",382,"1. Prepara todos los ingredientes: lava y corta las verduras en trozos del tamaño deseado.
2. Si inc...",,lunch,,,True,False
ef2d2961-ad54-4bcb-bdcd-4f71c87776d4,TABLA 19 - Tabla de Pulpo a la Gallega,Receta dinner,dinner,medium,20,0,1,245,21.2,16.3,11.5,1.96,1.63,400.0,7,"[{""raw"": ""- 120 g de Pulpo cocido""}, {""raw"": ""- 10 ml de Aceite de oliva""}, {""raw"": ""- 2 g de Sal""}, {""raw"": ""- 1 g de Pimienta""}, {""raw"": ""- 80 g de Tomate""}, {""raw"": ""- 80 g de Pimiento""}, {""raw"": ""- 50 g de Cebolla""}]",487,"1. Prepara las proteínas: si es necesario cocinar (pollo, pavo, ternera), hazlo con sal y pimienta. ...",,dinner,,,True,False
382141c2-6b79-4500-8090-12e84af7c9fd,TABLA 1 - Tabla Mediterránea Clásica,Receta dinner,dinner,medium,20,0,1,547,37.0,42.0,24.0,3.0,10.0,649.0,8,"[{""raw"": ""140 g salmón (o salmón ahumado)""}, {""raw"": ""60 g aceitunas""}, {""raw"": ""120 g tomate cherry""}, {""raw"": ""100 g pepino""}, {""raw"": ""40 g queso feta""}, {""raw"": ""30 g pan de masa madre""}, {""raw"": ""15 g AOVE""}, {""raw"": ""Orégano y pimienta""}]",487,"1. Prepara las proteínas: si es necesario cocinar (pollo, pavo, ternera), hazlo con sal y pimienta. ...",,dinner,,,True,False
29357af9-0e2b-4afd-b95c-76895eaa9130,TABLA 20 - Tabla Pulpo Mediterránea,Receta lunch,lunch,medium,20,0,1,245,21.2,16.3,11.5,1.96,1.63,400.0,7,"[{""raw"": ""- 120 g de Pulpo cocido""}, {""raw"": ""- 10 ml de Aceite de oliva""}, {""raw"": ""- 2 g de Sal""}, {""raw"": ""- 1 g de Pimienta""}, {""raw"": ""- 80 g de Tomate""}, {""raw"": ""- 80 g de Pimiento""}, {""raw"": ""- 50 g de Cebolla""}]",487,"1. Prepara las proteínas: si es necesario cocinar (pollo, pavo, ternera), hazlo con sal y pimienta. ...",,lunch,,,True,False
c83c9f55-a81d-4ad2-bb76-3ac45efd5ce5,TABLA 21 - Tabla Dorada con Uvas,Receta dinner,dinner,medium,20,0,1,249,20.5,11.6,13.9,1.39,1.16,400.0,5,"[{""raw"": ""- 150 g de Dorada""}, {""raw"": ""- 60 g de Uvas""}, {""raw"": ""- 10 ml de Aceite de oliva""}, {""raw"": ""- 2 g de Sal""}, {""raw"": ""- 1 g de Pimienta""}]",391,"1. Prepara los ingredientes dulces: corta las frutas en trozos del tamaño deseado.
2. Si incluye fru...",,dinner,,,True,False
ab77a664-a676-43a6-8dbb-aa53895e8b8a,TABLA 2 - Tabla Mediterránea con,Receta lunch,lunch,medium,20,0,1,153,2.2,14.3,10.5,1.72,1.43,400.0,6,"[{""raw"": ""- 10 ml de Aceite de oliva""}, {""raw"": ""- 2 g de Sal""}, {""raw"": ""- 1 g de Pimienta""}, {""raw"": ""- 80 g de Tomate""}, {""raw"": ""- 80 g de Pimiento""}, {""raw"": ""- 50 g de Cebolla""}]",382,"1. Prepara todos los ingredientes: lava y corta las verduras en trozos del tamaño deseado.
2. Si inc...",,lunch,,,True,False
f63b688d-fcf4-4be6-a7a4-ec90831c591b,TABLA 3 - Tabla Post-Entreno DulceSalada,Receta lunch,lunch,medium,20,0,1,161,2.8,15.8,10.6,1.9,1.58,400.0,7,"[{""raw"": ""- 50 g de Lechuga""}, {""raw"": ""- 10 ml de Aceite de oliva""}, {""raw"": ""- 2 g de Sal""}, {""raw"": ""- 1 g de Pimienta""}, {""raw"": ""- 80 g de Tomate""}, {""raw"": ""- 80 g de Pimiento""}, {""raw"": ""- 50 g de Cebolla""}]",391,"1. Prepara los ingredientes dulces: corta las frutas en trozos del tamaño deseado.
2. Si incluye fru...",,lunch,,,True,False
9eaefef4-24f5-4e13-95e5-d5245c2d72ef,TABLA 4 - Tabla Post-Entreno Proteica,Receta dinner,dinner,medium,20,0,1,153,2.2,14.3,10.5,1.72,1.43,400.0,6,"[{""raw"": ""- 10 ml de Aceite de oliva""}, {""raw"": ""- 2 g de Sal""}, {""raw"": ""- 1 g de Pimienta""}, {""raw"": ""- 80 g de Tomate""}, {""raw"": ""- 80 g de Pimiento""}, {""raw"": ""- 50 g de Cebolla""}]",382,"1. Prepara todos los ingredientes: lava y corta las verduras en trozos del tamaño deseado.
2. Si inc...",,dinner,,,True,False
cdba35d1-1eda-41ff-b8db-5d0155ffa4f1,TABLA 5 - Tabla Dulce  Crema,Receta snack,snack,medium,20,0,1,153,2.2,14.3,10.5,1.72,1.43,400.0,6,"[{""raw"": ""- 10 ml de Aceite de oliva""}, {""raw"": ""- 2 g de Sal""}, {""raw"": ""- 1 g de Pimienta""}, {""raw"": ""- 80 g de Tomate""}, {""raw"": ""- 80 g de Pimiento""}, {""raw"": ""- 50 g de Cebolla""}]",391,"1. Prepara los ingredientes dulces: corta las frutas en trozos del tamaño deseado.
2. Si incluye fru...",,snack,,,True,False
8b05762e-c31e-4ed6-92b1-623fda96543a,TABLA 6 - Tabla Dulce con Dátiles,Receta snack,snack,medium,20,0,1,238,2.8,37.3,10.6,4.48,3.73,400.0,7,"[{""raw"": ""- 30 g de Dátiles""}, {""raw"": ""- 10 ml de Aceite de oliva""}, {""raw"": ""- 2 g de Sal""}, {""raw"": ""- 1 g de Pimienta""}, {""raw"": ""- 80 g de Tomate""}, {""raw"": ""- 80 g de Pimiento""}, {""raw"": ""- 50 g de Cebolla""}]",391,"1. Prepara los ingredientes dulces: corta las frutas en trozos del tamaño deseado.
2. Si incluye fru...",,snack,,,True,False
421c74e9-8862-49f7-9fd3-af1817ce034d,TABLA 7 - Tabla Salada,Receta dinner,dinner,medium,20,0,1,161,2.8,15.8,10.6,1.9,1.58,400.0,7,"[{""raw"": ""- 50 g de Lechuga""}, {""raw"": ""- 10 ml de Aceite de oliva""}, {""raw"": ""- 2 g de Sal""}, {""raw"": ""- 1 g de Pimienta""}, {""raw"": ""- 80 g de Tomate""}, {""raw"": ""- 80 g de Pimiento""}, {""raw"": ""- 50 g de Cebolla""}]",382,"1. Prepara todos los ingredientes: lava y corta las verduras en trozos del tamaño deseado.
2. Si inc...",,dinner,,,True,False
e7a93f5f-a907-40df-ba52-7e0f29bf8ce5,TABLA 8 - Tabla Mediterránea con Pavo,Receta lunch,lunch,medium,20,0,1,288,32.2,14.3,11.5,1.72,1.43,400.0,7,"[{""raw"": ""- 150 g de Pavo""}, {""raw"": ""- 10 ml de Aceite de oliva""}, {""raw"": ""- 2 g de Sal""}, {""raw"": ""- 1 g de Pimienta""}, {""raw"": ""- 80 g de Tomate""}, {""raw"": ""- 80 g de Pimiento""}, {""raw"": ""- 50 g de Cebolla""}]",487,"1. Prepara las proteínas: si es necesario cocinar (pollo, pavo, ternera), hazlo con sal y pimienta. ...",,lunch,,,True,False
3eae8336-9135-41ea-9334-db6ed7dba3a3,TABLA 9 - Tabla Veggie con Hummus y,Receta lunch,lunch,medium,20,0,1,253,6.2,23.3,15.5,2.8,2.33,400.0,7,"[{""raw"": ""- 60 g de Hummus""}, {""raw"": ""- 10 ml de Aceite de oliva""}, {""raw"": ""- 2 g de Sal""}, {""raw"": ""- 1 g de Pimienta""}, {""raw"": ""- 80 g de Tomate""}, {""raw"": ""- 80 g de Pimiento""}, {""raw"": ""- 50 g de Cebolla""}]",382,"1. Prepara todos los ingredientes: lava y corta las verduras en trozos del tamaño deseado.
2. Si inc...",,lunch,,,True,False
7d7e5b5e-9a4f-418e-bddc-02729caa461c,TOSTADA 10 - Ricotta  Fresas  Miel,Receta snack,snack,medium,20,0,1,399,13.6,46.6,18.2,5.59,4.66,400.0,7,"[{""raw"": ""- 60 g de Pan integral""}, {""raw"": ""- 60 g de Queso ricotta""}, {""raw"": ""- 80 g de Fresas""}, {""raw"": ""- 10 g de Miel""}, {""raw"": ""- 10 ml de Aceite de oliva""}, {""raw"": ""- 2 g de Sal""}, {""raw"": ""- 1 g de Pimienta""}]",345,"1. Tuesta el pan integral en una tostadora o sartén hasta que esté dorado y crujiente.
2. Lava y cor...",,snack,,,True,False
65b5a27c-e2fa-41dc-92a9-1cca27a25b47,TOSTADA 10 - Ricotta  Fresas  Miel,Receta snack,snack,medium,20,0,1,399,13.6,46.6,18.2,5.59,4.66,400.0,7,"[{""raw"": ""- 60 g de Pan integral""}, {""raw"": ""- 60 g de Queso ricotta""}, {""raw"": ""- 80 g de Fresas""}, {""raw"": ""- 10 g de Miel""}, {""raw"": ""- 10 ml de Aceite de oliva""}, {""raw"": ""- 2 g de Sal""}, {""raw"": ""- 1 g de Pimienta""}]",345,"1. Tuesta el pan integral en una tostadora o sartén hasta que esté dorado y crujiente.
2. Lava y cor...",,snack,,,True,False
915b0adf-86cf-4ac3-861f-c7987c8748f4,TOSTADA 11 - Burrata Light Pesto,Receta lunch,lunch,medium,20,0,1,584,39.0,64.0,11.0,5.0,9.0,289.0,6,"[{""raw"": ""1 rebanada de pan de masa madre o centeno""}, {""raw"": ""70–90 g burrata ligera (o mozzarella si prefieres más light)""}, {""raw"": ""80 g tomate cherry""}, {""raw"": ""1 cdita pesto casero: albahaca  AOVE  limón""}, {""raw"": ""Pimienta negra""}, {""raw"": ""AOVE (opcional)""}]",264,"Tuesta el pan hasta que quede crujiente.
 Coloca la burrata ligeramente rota encima (o mozzarella en...",,lunch,,,True,False
4a3bc766-b533-4377-8d24-cfa515bc01a4,TOSTADA 11 - Burrata Light Pesto,Receta lunch,lunch,easy,7,0,1,446,28.0,67.0,27.0,6.0,13.0,651.0,6,"[{""raw"": ""1 rebanada de pan de masa madre o centeno""}, {""raw"": ""70–90 g burrata ligera (o mozzarella si prefieres más light)""}, {""raw"": ""80 g tomate cherry""}, {""raw"": ""1 cdita pesto casero: albahaca  AOVE  limón""}, {""raw"": ""Pimienta negra""}, {""raw"": ""AOVE (opcional)""}]",275,"1. Tuesta el pan hasta que quede crujiente.
2. Coloca la burrata ligeramente rota encima (o mozzarel...",,lunch,,,True,False
143c273f-72f3-4594-a6e0-2d847f8159fe,TOSTADA 12 - Bonito del Norte,Receta dinner,dinner,medium,20,0,1,588,45.0,44.0,24.0,8.0,5.0,222.0,5,"[{""raw"": ""1 rebanada pan integral o masa madre""}, {""raw"": ""1 lata de bonito del norte""}, {""raw"": ""80 g queso fresco (tipo crema o en láminas)""}, {""raw"": ""Pimienta negra""}, {""raw"": ""AOVE (opcional)""}]",209,"Tuesta el pan hasta que quede crujiente.
 Unta o coloca el queso fresco como base.
 Añade el bonito ...",,dinner,,,True,False
d10cc3e6-0bdd-4f5d-8fc1-2b911673e9d9,TOSTADA 12 - Bonito del Norte,Receta dinner,dinner,easy,5,0,1,543,37.0,59.0,21.0,4.0,9.0,550.0,5,"[{""raw"": ""1 rebanada pan integral o masa madre""}, {""raw"": ""1 lata de bonito del norte""}, {""raw"": ""80 g queso fresco (tipo crema o en láminas)""}, {""raw"": ""Pimienta negra""}, {""raw"": ""AOVE (opcional)""}]",220,"1. Tuesta el pan hasta que quede crujiente.
2. Unta o coloca el queso fresco como base.
3. Añade el ...",,dinner,,,True,False
f4091489-02c0-4d2d-8141-943e6ea54848,TOSTADA 13 - Pollo BBQ Healthy,Receta lunch,lunch,medium,20,0,1,408,37.1,28.6,15.6,3.43,2.86,400.0,5,"[{""raw"": ""- 150 g de Pechuga de pollo""}, {""raw"": ""- 60 g de Pan integral""}, {""raw"": ""- 10 ml de Aceite de oliva""}, {""raw"": ""- 2 g de Sal""}, {""raw"": ""- 1 g de Pimienta""}]",408,"1. Tuesta el pan integral en una tostadora o sartén hasta que esté dorado y crujiente.
2. Cocina el ...",,lunch,,,True,False
d1500309-5448-472b-bbfc-7e0e6045fdcd,TOSTADA 13 - Pollo BBQ Healthy,Receta lunch,lunch,medium,20,0,1,408,37.1,28.6,15.6,3.43,2.86,400.0,5,"[{""raw"": ""- 150 g de Pechuga de pollo""}, {""raw"": ""- 60 g de Pan integral""}, {""raw"": ""- 10 ml de Aceite de oliva""}, {""raw"": ""- 2 g de Sal""}, {""raw"": ""- 1 g de Pimienta""}]",408,"1. Tuesta el pan integral en una tostadora o sartén hasta que esté dorado y crujiente.
2. Cocina el ...",,lunch,,,True,False
cb8dc9f3-cb7f-416b-8cec-f7ee92e8ad3d,TOSTADA 14 - Huevo Poché,Receta breakfast,breakfast,medium,20,0,1,383,18.1,29.6,22.0,3.55,2.96,400.0,5,"[{""raw"": ""- 2 unidades de Huevo""}, {""raw"": ""- 60 g de Pan integral""}, {""raw"": ""- 10 ml de Aceite de oliva""}, {""raw"": ""- 2 g de Sal""}, {""raw"": ""- 1 g de Pimienta""}]",445,"1. Tuesta el pan integral en una tostadora o sartén hasta que esté dorado y crujiente.
2. Prepara el...",,breakfast,,,True,False
b279599c-c20f-49cc-9fd3-9107e3dbcf8c,TOSTADA 14 - Huevo Poché,Receta breakfast,breakfast,medium,20,0,1,383,18.1,29.6,22.0,3.55,2.96,400.0,5,"[{""raw"": ""- 2 unidades de Huevo""}, {""raw"": ""- 60 g de Pan integral""}, {""raw"": ""- 10 ml de Aceite de oliva""}, {""raw"": ""- 2 g de Sal""}, {""raw"": ""- 1 g de Pimienta""}]",445,"1. Tuesta el pan integral en una tostadora o sartén hasta que esté dorado y crujiente.
2. Prepara el...",,breakfast,,,True,False
b15d04c5-188f-4499-a20e-8364bd529e5c,TOSTADA 15 - Atún  Ricotta,Receta lunch,lunch,medium,20,0,1,463,39.1,32.6,19.0,3.91,3.26,400.0,6,"[{""raw"": ""- 120 g de Atún al natural""}, {""raw"": ""- 60 g de Pan integral""}, {""raw"": ""- 60 g de Queso ricotta""}, {""raw"": ""- 10 ml de Aceite de oliva""}, {""raw"": ""- 2 g de Sal""}, {""raw"": ""- 1 g de Pimienta""}]",449,"1. Tuesta el pan integral en una tostadora o sartén hasta que esté dorado y crujiente.
2. Prepara el...",,lunch,,,True,False
687d5807-9909-4f42-9b5c-a0bdd486093b,TOSTADA 15 - Atún  Ricotta,Receta lunch,lunch,medium,20,0,1,463,39.1,32.6,19.0,3.91,3.26,400.0,6,"[{""raw"": ""- 120 g de Atún al natural""}, {""raw"": ""- 60 g de Pan integral""}, {""raw"": ""- 60 g de Queso ricotta""}, {""raw"": ""- 10 ml de Aceite de oliva""}, {""raw"": ""- 2 g de Sal""}, {""raw"": ""- 1 g de Pimienta""}]",449,"1. Tuesta el pan integral en una tostadora o sartén hasta que esté dorado y crujiente.
2. Prepara el...",,lunch,,,True,False
8eac2170-f587-468f-8961-765d6fb5ee01,TOSTADA 1 - Tostada de Aguacate,Receta breakfast,breakfast,medium,20,0,1,339,7.3,33.6,20.8,4.03,3.36,400.0,5,"[{""raw"": ""- 60 g de Pan integral""}, {""raw"": ""- 60 g de Aguacate""}, {""raw"": ""- 10 ml de Aceite de oliva""}, {""raw"": ""- 2 g de Sal""}, {""raw"": ""- 1 g de Pimienta""}]",322,"1. Tuesta el pan integral en una tostadora o sartén hasta que esté dorado y crujiente.
2. Coloca los...",,breakfast,,,True,False
b454fa7b-bf9e-433d-abe9-6b8b22e2441e,TOSTADA 1 - Tostada de Aguacate,Receta breakfast,breakfast,medium,20,0,1,339,7.3,33.6,20.8,4.03,3.36,400.0,5,"[{""raw"": ""- 60 g de Pan integral""}, {""raw"": ""- 60 g de Aguacate""}, {""raw"": ""- 10 ml de Aceite de oliva""}, {""raw"": ""- 2 g de Sal""}, {""raw"": ""- 1 g de Pimienta""}]",322,"1. Tuesta el pan integral en una tostadora o sartén hasta que esté dorado y crujiente.
2. Coloca los...",,breakfast,,,True,False
f41d40c5-e612-4400-a2d1-43b3158efabe,TOSTADA 2 - Salmón Ahumado,Receta breakfast,breakfast,medium,20,0,1,449,28.1,28.6,25.0,3.43,2.86,400.0,5,"[{""raw"": ""- 150 g de Salmón fresco""}, {""raw"": ""- 60 g de Pan integral""}, {""raw"": ""- 10 ml de Aceite de oliva""}, {""raw"": ""- 2 g de Sal""}, {""raw"": ""- 1 g de Pimienta""}]",424,"1. Tuesta el pan integral en una tostadora o sartén hasta que esté dorado y crujiente.
2. Prepara el...",,breakfast,,,True,False
76058a42-a961-42bd-a1d8-e423816929d2,TOSTADA 2 - Salmón Ahumado,Receta breakfast,breakfast,medium,20,0,1,449,28.1,28.6,25.0,3.43,2.86,400.0,5,"[{""raw"": ""- 150 g de Salmón fresco""}, {""raw"": ""- 60 g de Pan integral""}, {""raw"": ""- 10 ml de Aceite de oliva""}, {""raw"": ""- 2 g de Sal""}, {""raw"": ""- 1 g de Pimienta""}]",424,"1. Tuesta el pan integral en una tostadora o sartén hasta que esté dorado y crujiente.
2. Prepara el...",,breakfast,,,True,False
6b86e0c5-26c9-45e0-9dc3-ee48f0196e82,TOSTADA 3 - Atún  Tomate  AOVE,Receta lunch,lunch,medium,20,0,1,377,32.8,31.6,13.2,3.79,3.16,400.0,6,"[{""raw"": ""- 120 g de Atún al natural""}, {""raw"": ""- 60 g de Pan integral""}, {""raw"": ""- 80 g de Tomate""}, {""raw"": ""- 10 ml de Aceite de oliva""}, {""raw"": ""- 2 g de Sal""}, {""raw"": ""- 1 g de Pimienta""}]",426,"1. Tuesta el pan integral en una tostadora o sartén hasta que esté dorado y crujiente.
2. Prepara el...",,lunch,,,True,False
17b68288-1327-453e-98d6-20fd059133cf,TOSTADA 3 - Atún  Tomate  AOVE,Receta lunch,lunch,medium,20,0,1,377,32.8,31.6,13.2,3.79,3.16,400.0,6,"[{""raw"": ""- 120 g de Atún al natural""}, {""raw"": ""- 60 g de Pan integral""}, {""raw"": ""- 80 g de Tomate""}, {""raw"": ""- 10 ml de Aceite de oliva""}, {""raw"": ""- 2 g de Sal""}, {""raw"": ""- 1 g de Pimienta""}]",426,"1. Tuesta el pan integral en una tostadora o sartén hasta que esté dorado y crujiente.
2. Prepara el...",,lunch,,,True,False
49165889-b10a-4032-a47f-9e1194df5847,TOSTADA 4 - Aguacate Queso,Receta lunch,lunch,easy,10,0,1,652,41.0,50.0,32.0,9.0,1.0,477.0,7,"[{""raw"": ""Pan de chía o centeno""}, {""raw"": ""60 g queso fresco (o ricotta si quieres más cremosidad)""}, {""raw"": ""60 g aguacate""}, {""raw"": ""40 g pimiento rojo asado""}, {""raw"": ""AOVE""}, {""raw"": ""Pimienta negra""}, {""raw"": ""Opcional: semillas de sésamo""}]",201,"1. Tuesta el pan hasta que esté crujiente.
2. Unta el queso fresco en la base.
3. Añade el aguacate ...",,lunch,,,True,False
4b870a4b-cd78-4035-918e-604950809a1a,TOSTADA 4 - Aguacate Queso,Receta lunch,lunch,medium,20,0,1,573,29.0,66.0,37.0,4.0,13.0,232.0,7,"[{""raw"": ""Pan de chía o centeno""}, {""raw"": ""60 g queso fresco (o ricotta si quieres más cremosidad)""}, {""raw"": ""60 g aguacate""}, {""raw"": ""40 g pimiento rojo asado""}, {""raw"": ""AOVE""}, {""raw"": ""Pimienta negra""}, {""raw"": ""Opcional: semillas de sésamo""}]",190,"Tuesta el pan hasta que esté crujiente.
 Unta el queso fresco en la base.
 Añade el aguacate en lámi...",,lunch,,,True,False
78d2d398-4357-43f4-96e8-b7a4af98454d,TOSTADA 5 - Jamón Serrano,Receta breakfast,breakfast,medium,20,0,1,303,16.1,28.6,14.0,3.43,2.86,400.0,5,"[{""raw"": ""- 40 g de Jamón serrano""}, {""raw"": ""- 60 g de Pan integral""}, {""raw"": ""- 10 ml de Aceite de oliva""}, {""raw"": ""- 2 g de Sal""}, {""raw"": ""- 1 g de Pimienta""}]",371,"1. Tuesta el pan integral en una tostadora o sartén hasta que esté dorado y crujiente.
2. Prepara el...",,breakfast,,,True,False
e98cd2ff-3c7b-4768-b338-bc1039ede821,TOSTADA 5 - Jamón Serrano,Receta breakfast,breakfast,medium,20,0,1,303,16.1,28.6,14.0,3.43,2.86,400.0,5,"[{""raw"": ""- 40 g de Jamón serrano""}, {""raw"": ""- 60 g de Pan integral""}, {""raw"": ""- 10 ml de Aceite de oliva""}, {""raw"": ""- 2 g de Sal""}, {""raw"": ""- 1 g de Pimienta""}]",371,"1. Tuesta el pan integral en una tostadora o sartén hasta que esté dorado y crujiente.
2. Prepara el...",,breakfast,,,True,False
a06ef438-df79-479e-9a06-6efaef8c3d5b,TOSTADA 6 - Tofu Crujiente,Receta dinner,dinner,medium,20,0,1,489,34.0,60.0,24.0,7.0,17.0,733.0,6,"[{""raw"": ""1 rebanada pan integral de masa madre""}, {""raw"": ""120 g cottage cheese (muy alto en proteína)""}, {""raw"": ""1 huevo cocido o a la plancha (tú eliges)""}, {""raw"": ""40 g pimiento rojo asado""}, {""raw"": ""Pimienta negra""}, {""raw"": ""AOVE (opcional, 1 cdita)""}]",288,"Tuesta el pan hasta que quede bien crujiente.
 Unta el cottage cheese como base (queda cremoso pero ...",,dinner,,,True,False
0122b0f4-80b2-4c9c-810e-787606d772f6,TOSTADA 6 - Tofu Crujiente,Receta dinner,dinner,medium,20,0,1,448,30.0,57.0,28.0,5.0,2.0,734.0,6,"[{""raw"": ""1 rebanada pan integral de masa madre""}, {""raw"": ""120 g cottage cheese (muy alto en proteína)""}, {""raw"": ""1 huevo cocido o a la plancha (tú eliges)""}, {""raw"": ""40 g pimiento rojo asado""}, {""raw"": ""Pimienta negra""}, {""raw"": ""AOVE (opcional, 1 cdita)""}]",288,"Tuesta el pan hasta que quede bien crujiente.
 Unta el cottage cheese como base (queda cremoso pero ...",,dinner,,,True,False
c7e7720b-7525-47b2-932c-b96b41539372,TOSTADA 8 - Pollo Especiado,Receta lunch,lunch,medium,20,0,1,408,37.1,28.6,15.6,3.43,2.86,400.0,5,"[{""raw"": ""- 150 g de Pechuga de pollo""}, {""raw"": ""- 60 g de Pan integral""}, {""raw"": ""- 10 ml de Aceite de oliva""}, {""raw"": ""- 2 g de Sal""}, {""raw"": ""- 1 g de Pimienta""}]",408,"1. Tuesta el pan integral en una tostadora o sartén hasta que esté dorado y crujiente.
2. Cocina el ...",,lunch,,,True,False
59f6f1b2-32a0-4832-8514-158a7603adc9,TOSTADA 8 - Pollo Especiado,Receta lunch,lunch,medium,20,0,1,408,37.1,28.6,15.6,3.43,2.86,400.0,5,"[{""raw"": ""- 150 g de Pechuga de pollo""}, {""raw"": ""- 60 g de Pan integral""}, {""raw"": ""- 10 ml de Aceite de oliva""}, {""raw"": ""- 2 g de Sal""}, {""raw"": ""- 1 g de Pimienta""}]",408,"1. Tuesta el pan integral en una tostadora o sartén hasta que esté dorado y crujiente.
2. Cocina el ...",,lunch,,,True,False
21f68928-3676-428d-b78d-a77cc55ebc31,TOSTADA 9 - Pulpo  Pimentón,Receta dinner,dinner,medium,20,0,1,341,25.4,31.8,13.3,3.82,3.18,400.0,6,"[{""raw"": ""- 120 g de Pulpo cocido""}, {""raw"": ""- 60 g de Pan integral""}, {""raw"": ""- 2 g de Pimentón""}, {""raw"": ""- 10 ml de Aceite de oliva""}, {""raw"": ""- 2 g de Sal""}, {""raw"": ""- 1 g de Pimienta""}]",420,"1. Tuesta el pan integral en una tostadora o sartén hasta que esté dorado y crujiente.
2. Si el pulp...",,dinner,,,True,False
8bd91fe0-4e8a-45e1-85e9-68d29e731cc8,TOSTADA 9 - Pulpo  Pimentón,Receta dinner,dinner,medium,20,0,1,341,25.4,31.8,13.3,3.82,3.18,400.0,6,"[{""raw"": ""- 120 g de Pulpo cocido""}, {""raw"": ""- 60 g de Pan integral""}, {""raw"": ""- 2 g de Pimentón""}, {""raw"": ""- 10 ml de Aceite de oliva""}, {""raw"": ""- 2 g de Sal""}, {""raw"": ""- 1 g de Pimienta""}]",420,"1. Tuesta el pan integral en una tostadora o sartén hasta que esté dorado y crujiente.
2. Si el pulp...",,dinner,,,True,False
