id,created_at,updated_at,name,description,instructions,category,muscle_groups,equipment,difficulty,video_url,image_url,google_drive_file_id,video_file,thumbnail,is_system,is_active,tags,created_by_id
e101c389-715d-4c1c-a202-74e198c25309,2025-11-30 19:47:25.46218+00,2025-12-26 12:16:37.322183+00,Prensa con Pies Arriba,Variante de prensa con pies altos para mayor énfasis en Glúteos e isquiotibiales.,"1. Siíntate en la prensa con la espalda bien apoyada.
2. Coloca los pies en la parte ALTA de la plataforma.
3. Los pies deben quedar al ancho de hombros o ligeramente m??s.
4. Baja el peso hasta que las rodillas se acerquen al pecho.
5. Empuja enfoc??ndote en usar los Glúteos y femorales.
6. No bloquees las rodillas en la extensiín.",strength,"[""gl??teos"", ""isquiotibiales"", ""cu??driceps""]","[""m??quina prensa de piernas""]",beginner,https://drive.google.com/file/d/10J96DFcJaQEDscZhbYPqA12ybVjBmj-r/preview,,10J96DFcJaQEDscZhbYPqA12ybVjBmj-r,,,t,t,[],
ad0cfb2a-c96b-4dfb-aef5-cd47cdbd3809,2025-11-30 19:47:25.458928+00,2025-12-26 12:16:37.299973+00,Extensión de Tríceps en Polea Alta con Barra Z,Extensión de Tríceps con barra EZ para una posiciín de muéeca més natural.,"1. Coloca la barra EZ en la polea alta.
2. Agarra la barra en las curvas con las palmas hacia abajo.
3. Mant??n los codos pegados a los costados.
4. Extiende los brazos completamente hacia abajo.
5. Aprieta los Tríceps en la extensiín m??xima.
6. Flexiona los codos para volver, sin que suban del punto inicial.",strength,"[""tr??ceps""]","[""polea alta"", ""barra EZ""]",beginner,https://drive.google.com/file/d/1qbXJ1yL4KD-FKzAEYYpDmGFVlXKmDmkx/preview,,1qbXJ1yL4KD-FKzAEYYpDmGFVlXKmDmkx,,,t,t,[],
1fb9dad8-aa24-4aea-a3ac-c3e166e258df,2025-11-30 19:47:25.448649+00,2025-12-23 12:45:35.354791+00,Jalón al Pecho en Máquina,Jalón guiado en máquina específica para un movimiento més controlado y aislado.,"1. Ajusta el asiento para que los cojines sujeten bien los muslos.
2. Agarra las manijas con el agarre que proporciona la máquina.
3. Mant??n el pecho elevado y la espalda ligeramente arqueada.
4. Tira las manijas hacia el pecho superior.
5. Contrae los dorsales y mant??n un segundo.
6. Regresa controladamente sin soltar la tensiín.",strength,"[""dorsales"", ""romboides"", ""b??ceps""]","[""m??quina de jal??n""]",beginner,https://drive.google.com/file/d/1d6-IC09jrlVTwIQ4WeiH6heEV6784Dy2/preview,,1d6-IC09jrlVTwIQ4WeiH6heEV6784Dy2,,,t,t,[],
5e5d4a17-102a-4200-9f4e-f8b141a547ae,2025-11-30 19:47:25.449609+00,2025-12-23 12:45:35.398754+00,Remo Agarre Neutro en Polea Baja,Remo sentado con agarre neutro que desarrolla grosor en la espalda media.,"1. Siíntate frente a la polea baja con los pies en los apoyos.
2. Usa un accesorio de agarre neutro (palmas enfrentadas).
3. Mant??n la espalda recta, rodillas ligeramente flexionadas.
4. Tira del accesorio hacia el abdomen, llevando los codos hacia atr??s.
5. Aprieta los om??platos juntos en la contracciín.
6. Extiende los brazos completamente, dejando que los hombros vayan hacia adelante para estirar.",strength,"[""dorsales"", ""romboides"", ""trapecio medio"", ""b??ceps""]","[""polea baja"", ""accesorio agarre neutro""]",beginner,https://drive.google.com/file/d/1JbcgChHQxwLLnT3xBMDumM3hsexU-Ch_/preview,,1JbcgChHQxwLLnT3xBMDumM3hsexU-Ch_,,,t,t,[],
8a605b85-5b02-4033-9054-52e2a000bc44,2025-11-30 19:47:25.473094+00,2025-12-26 12:16:37.302782+00,Hiperextensiones con Lastre,Hiperextensiones con peso adicional para mayor intensidad.,"1. Col??cate en el banco de hiperextensiones.
2. Sujeta un disco contra el pecho o detr??s de la cabeza.
3. Mant??n el disco bien sujeto durante todo el movimiento.
4. Baja controladamente flexionando las caderas.
5. Sube hasta la posiciín neutral contrayendo Glúteos y espalda.
6. Evita balanceos o movimientos bruscos.",strength,"[""erectores espinales"", ""gl??teos"", ""isquiotibiales""]","[""banco de hiperextensiones"", ""disco""]",intermediate,https://drive.google.com/file/d/1gfpkYJ9hIqEwjPvYN6TWTgW-hUpyKC2n/preview,,1gfpkYJ9hIqEwjPvYN6TWTgW-hUpyKC2n,,,t,t,[],
37714b1e-8214-43d6-872d-90ad45ac3e46,2025-11-30 19:47:25.444873+00,2025-12-23 12:45:35.348446+00,Jalón al Pecho Agarre Prono,"Ejercicio fundamental para desarrollar la anchura de la espalda, especialmente los dorsales.","1. Siíntate en la máquina con los muslos bien sujetos bajo los cojines.
2. Agarra la barra con las palmas mirando hacia adelante (agarre prono), manos m??s anchas que los hombros.
3. Inclina ligeramente el torso hacia atr??s (unos 10-15 grados).
4. Tira de la barra hacia la parte superior del pecho, llevando los codos hacia abajo y atr??s.
5. Aprieta los om??platos juntos en la contracciín m??xima.
6. Regresa controladamente hasta estirar completamente los dorsales.",strength,"[""dorsales"", ""romboides"", ""b??ceps"", ""trapecio""]","[""m??quina de jalones"", ""barra larga""]",beginner,https://drive.google.com/file/d/1390hWUbCEeSoG-y4Xjaok3nIngc00ZRB/preview,,1390hWUbCEeSoG-y4Xjaok3nIngc00ZRB,,,t,t,[],
a58584b1-416f-43aa-b05e-52321997032f,2025-11-30 19:47:25.441755+00,2025-12-26 12:16:37.332081+00,Press Banca Agarre Estrecho en Multipower,Variante con agarre cerrado que transfiere mayor énfasis a los Tríceps mientras trabaja el pecho.,"1. Acuústate en el banco con la espalda bien apoyada.
2. Agarra la barra con las manos separadas al ancho de los hombros o ligeramente menos.
3. Mant??n los codos cerca del cuerpo durante todo el movimiento.
4. Baja la barra hasta la parte baja del pecho.
5. Empuja hacia arriba enfoc??ndote en la extensiín de los Tríceps.
6. No separes los codos hacia afuera.",strength,"[""tr??ceps"", ""pectorales"", ""deltoides anterior""]","[""multipower"", ""banco plano""]",beginner,https://drive.google.com/file/d/1y1WwWK7wIZ2jXCJZc6PMp04KPAZZfRef/preview,,1y1WwWK7wIZ2jXCJZc6PMp04KPAZZfRef,,,t,t,[],
56c6020d-6e99-4c5f-80a8-41d0064c44e2,2025-11-30 19:47:25.440639+00,2025-12-23 12:45:35.37767+00,Press Banca Agarre Abierto en Multipower,Press de banca con agarre amplio para mayor énfasis en el estiramiento y contracciín del pectoral.,"1. Acuústate en el banco plano del multipower.
2. Toma la barra con un agarre m??s amplio de lo normal (1.5-2 veces el ancho de hombros).
3. Mant??n los codos apuntando hacia afuera durante el movimiento.
4. Baja la barra hasta tocar el pecho en la zona media.
5. Empuja hacia arriba enfoc??ndote en apretar los pectorales.
6. El rango de movimiento ser?? menor debido al agarre amplio.",strength,"[""pectorales"", ""deltoides anterior""]","[""multipower"", ""banco plano""]",intermediate,https://drive.google.com/file/d/1B2cph_0pQrZwlzAbIiOY2e_-UFoMwmO_/preview,,1B2cph_0pQrZwlzAbIiOY2e_-UFoMwmO_,,,t,t,[],
915a261a-9e4d-4924-a9cd-6d5b6c0a9ad1,2026-01-13 15:29:43.121323+00,2026-01-13 15:29:43.121339+00,Parada de Glúteo Tumbado/a,Ejercicio de asilamiento para desarrollar el glúteo,"1.	Colócate tumbado/a en la máquina con el core bien activado y las manos agarrando las asas; apoya el pie del lado que trabajas en la plataforma o rodillo, con la rodilla ligeramente flexionada. 

2) Mantén la espalda neutra, sin arquear la zona lumbar. 

3) Empuja con el talón hacia atrás y arriba, como si quisieras “alejar” el pie del cuerpo, moviendo solo la cadera. 

4) Sube hasta notar el glúteo apretado, sin girar la cadera ni arquear la espalda. 

5) Baja despacio y controlado hasta la posición inicial y repite manteniendo siempre la tensión en el glúteo.",strength,"[""Glúteo""]","[""Máquina""]",beginner,,,,,,f,t,[],
608aab0d-a501-472c-a6e1-9ecf329a73d0,2026-01-08 22:56:41.265464+00,2026-01-22 11:59:28.030284+00,Curl Martillo,,"Coge dos mancuernas, coloca las palmas de tus manos mirándose entre sí, y el pulgar hacia arriba. 

Flexiona los codas hasta llevar las mancuernas desde tu cadera hasta la altura del pecho.

Desciende en 2 a 3 segundos para volver a la posición inicial.",strength,"[""Bíceps"", ""Antebrazo""]","[""Mancuernas""]",beginner,,,,,,f,t,[],
9f615dd5-c613-4644-b89a-44812d646fb1,2026-01-13 15:33:57.363406+00,2026-01-13 15:33:57.363419+00,Sentadilla Búlgara en Máquina,Excelente ejercicio para desarrollar el glúteo y las piernas mientras evitas descompensaciones,"1.	Colócate de pie frente a la máquina y apoya el pie trasero en el soporte, dejando el pie delantero bien plantado en el suelo o plataforma.

2) Ajusta la distancia para que, al bajar, la rodilla delantera se flexione sin que el talón se levante. 

3) Activa el abdomen y mantén el pecho erguido. 

4) Baja de forma controlada flexionando la pierna delantera hasta notar el trabajo en glúteo y cuádriceps, sin dejar que la rodilla se meta hacia dentro (abre la cadera ligeramente) 

5) Empuja con el talón delantero para subir y vuelve a la posición inicial, manteniendo el equilibrio y repitiendo el movimiento.",strength,"[""Glúteo"", ""Cuádriceps""]","[""Máquina""]",intermediate,,,,,,f,t,[],
faf53523-044c-4c2c-8c8c-6a3251f74e6f,2025-11-30 19:47:25.451964+00,2025-11-30 19:49:38.326133+00,Remo con Barra,Ejercicio compuesto fundamental para desarrollar fuerza y masa en toda la espalda.,"1. De pie con los pies al ancho de hombros, agarra la barra con agarre prono.
2. Flexiona las caderas e inclina el torso hacia adelante (45-60 grados).
3. Mant??n la espalda recta y las rodillas ligeramente flexionadas.
4. Tira de la barra hacia el abdomen bajo, llevando los codos hacia atr??s.
5. Aprieta los om??platos al final del movimiento.
6. Baja controladamente hasta extender los brazos.",strength,"[""dorsales"", ""trapecio"", ""romboides"", ""erectores espinales"", ""b??ceps""]","[""barra"", ""discos""]",intermediate,https://drive.google.com/file/d/1k-mSCHfazJakXePDQKaxKqhSAnC35IDs/preview,,1k-mSCHfazJakXePDQKaxKqhSAnC35IDs,,,t,t,[],
d7ec3ab1-9890-485b-8e49-4a5c6cde3dbb,2026-01-13 15:59:09.536315+00,2026-01-13 15:59:09.536336+00,Remo en Máquina Sentado/a,Ejercicio perfecto para desarrollar una espalda con detalle,"1.	Siéntate en la máquina con la espalda recta y el pecho erguido, pies bien apoyados y rodillas ligeramente flexionadas. 

2) Agarra las asas con los brazos estirados y activa el abdomen. 

3) Tira de las asas hacia tu ombligo llevando los codos atrás y juntando los omóplatos, sin balancearte. 

4) Aprieta la espalda un segundo al final del movimiento.

5) Vuelve despacio a estirar los brazos, manteniendo el control y repite.",strength,"[""Espalda"", ""Bíceps"", ""Trapecio""]","[""Máquina""]",beginner,,,,,,f,t,[],
eb9e3491-5a9e-4a76-aa7e-e456c8483dde,2025-11-30 19:47:25.477815+00,2025-11-30 19:49:38.283162+00,Crunch Abdominal en Polea Alta,Crunch con resistencia para desarrollar los abdominales con carga progresiva.,"1. Arrod??llate frente a una polea alta con cuerda.
2. Agarra la cuerda con ambas manos junto a las sienes.
3. Mant??n las caderas fijas, no las muevas.
4. Flexiona el tronco llevando los codos hacia las rodillas.
5. Contrae fuertemente los abdominales.
6. Regresa controladamente sin arquear la espalda.",strength,"[""recto abdominal"", ""oblicuos""]","[""polea alta"", ""cuerda""]",beginner,https://drive.google.com/file/d/1Ek73nCGDcZDKHPa33_x6GDxf_ngbkxZj/preview,,1Ek73nCGDcZDKHPa33_x6GDxf_ngbkxZj,,,t,t,[],
4a21d6a1-6928-4bde-8e15-d72cc882fbe8,2025-11-30 19:47:25.450466+00,2025-12-23 12:45:35.401584+00,Remo Agarre Prono Abierto en Polea Baja,Remo con agarre ancho y prono para enfatizar deltoides posterior y trapecio.,"1. Siíntate frente a la polea baja con una barra larga.
2. Agarra con las palmas hacia abajo, manos m??s anchas que los hombros.
3. Mant??n el torso erguido y estable.
4. Tira hacia el pecho alto/cuello, con los codos apuntando hacia afuera.
5. Enf??cate en juntar los om??platos y contraer el trapecio.
6. Baja controladamente manteniendo la tensiín.",strength,"[""trapecio"", ""romboides"", ""deltoides posterior"", ""dorsales""]","[""polea baja"", ""barra larga""]",intermediate,https://drive.google.com/file/d/1HVebrts9hnax1TjPFK8o7xo0-Nzg8pu7/preview,,1HVebrts9hnax1TjPFK8o7xo0-Nzg8pu7,,,t,t,[],
bb74b68d-b284-4f2d-839a-d344dfeacb61,2025-11-30 19:47:25.45352+00,2025-12-23 12:45:35.325543+00,Dominada Prona,"El ejercicio rey para desarrollar la espalda, especialmente la anchura del dorsal.","1. Cuúlgate de la barra con agarre prono, manos m??s anchas que los hombros.
2. Comienza con los brazos completamente extendidos (dead hang).
3. Inicia el movimiento retrayendo los om??platos.
4. Tira de tu cuerpo hacia arriba hasta que la barbilla supere la barra.
5. Mant??n el core activado y evita balanceos.
6. Baja de forma controlada hasta la extensiín completa.",strength,"[""dorsales"", ""b??ceps"", ""trapecio"", ""romboides""]","[""barra de dominadas""]",advanced,https://drive.google.com/file/d/1leoAPT-gfW5-vi6p7aw2-Et1BqCroOfV/preview,,1leoAPT-gfW5-vi6p7aw2-Et1BqCroOfV,,,t,t,[],
a8c89d8d-310f-4eb4-a7da-6653b178b08d,2025-11-30 19:47:25.452745+00,2025-12-23 12:45:35.404361+00,Remo con Mancuerna Unilateral,Remo unilateral que permite mayor rango de movimiento y correcciín de desequilibrios.,"1. Coloca una rodilla y una mano en un banco para apoyo.
2. La otra pierna queda en el suelo, ligeramente atr??s para estabilidad.
3. Agarra la mancuerna con la mano libre, brazo extendido.
4. Tira de la mancuerna hacia la cadera, llevando el codo hacia el techo.
5. Rota ligeramente el torso para maximizar la contracciín.
6. Baja controladamente sintiendo el estiramiento del dorsal.",strength,"[""dorsales"", ""romboides"", ""b??ceps""]","[""mancuerna"", ""banco""]",beginner,https://drive.google.com/file/d/1Td82CwpykTu_OKkxPJ2fTA65cjNQN1ra/preview,,1Td82CwpykTu_OKkxPJ2fTA65cjNQN1ra,,,t,t,[],
df8045fa-f3da-4dd9-9213-f2b39248c6be,2025-11-30 19:47:25.466094+00,2025-12-26 12:16:37.318739+00,Peso Muerto Unilateral en Multipower,"Peso muerto a una pierna para trabajar equilibrio, core y cadena posterior unilateralmente.","1. Col??cate frente al multipower apoyado en una sola pierna.
2. La pierna trasera puede elevarse ligeramente para equilibrio.
3. Agarra la barra y baja flexionando la cadera.
4. Mant??n la espalda recta mientras la pierna trasera se eleva.
5. Baja hasta donde la flexibilidad y equilibrio lo permitan.
6. Sube contrayendo Glúteo e isquiotibial de la pierna de apoyo.",strength,"[""isquiotibiales"", ""gl??teos"", ""core""]","[""multipower""]",advanced,https://drive.google.com/file/d/1Q2APoIQhamjj4vrRsyE6Htc8nE7-SbRX/preview,,1Q2APoIQhamjj4vrRsyE6Htc8nE7-SbRX,,,t,t,[],
fa7177d9-1243-4553-b9dc-8ca1c638ecc5,2026-01-13 15:39:00.552272+00,2026-01-13 15:39:00.552294+00,Abductor en Máquina,Ejercicio perfecto para desarrollar porciones olvidadas del Glúteo y redondearlo,"1) Siéntate en la máquina con la espalda inclinada hacia adelante bien apoyada, los pies colocados en los apoyos y las rodillas juntas al inicio. 

2) Ajusta el peso y coloca las manos en las asas para estar estable. 

3) Aprieta el abdomen y abre las piernas empujando las rodillas hacia fuera, de forma controlada. 

4) Abre hasta notar el glúteo trabajando, sin impulsos ni rebotes. 

5) Cierra las piernas despacio volviendo a la posición inicial y repite manteniendo siempre la tensión.",strength,"[""Abductor"", ""Glúteo""]","[""Máquina""]",beginner,,,,,,f,t,[],
b893027d-77c6-456f-89f3-dd205f19ffe8,2026-01-13 15:46:57.907253+00,2026-01-13 15:46:57.907268+00,Pres de Banca Inclinada con Mancuernas,Uno de los ejercicios que mejor consigues desarrollar la parte alta del pectoral,"1) Túmbate en un banco inclinado con la espalda y la cabeza bien apoyadas, el pecho erguido y los pies firmes en el suelo. 

2) Sujeta las mancuernas con los brazos estirados encima del pecho y las palmas mirando al frente. 

3) Aprieta el abdomen y baja las mancuernas despacio hacia los lados del pecho, flexionando los codos y manteniéndolos ligeramente abiertos. 

4) Cuando las mancuernas estén a la altura del pecho, empuja hacia arriba juntándolas sin chocarlas y estirando los brazos sin bloquearlos del todo. 

5) Mantén el cuerpo estable, controla el movimiento y repite.",strength,"[""Pectoral Superior"", ""Hombro Frontal"", ""Tríceps""]","[""Banco Inclinado"", ""Mancuernas""]",intermediate,,,,,,f,t,[],
e2f77e14-83e1-4455-8d9e-30f2cd47adb9,2025-11-30 19:47:25.46143+00,2025-12-23 12:45:35.37547+00,Prensa Unilateral,Prensa con una sola pierna para corregir desequilibrios y mayor activaciín.,"1. Siíntate en la prensa con la espalda bien apoyada.
2. Coloca un solo pie en el centro de la plataforma.
3. La otra pierna puede quedar extendida o cruzada.
4. Desbloquea y baja el peso flexionando la rodilla.
5. Empuja hasta extender la pierna sin bloquear.
6. Completa todas las repeticiones antes de cambiar de pierna.",strength,"[""cu??driceps"", ""gl??teos""]","[""m??quina prensa de piernas""]",intermediate,https://drive.google.com/file/d/1V9LvVQArCpRoAMhGRiqWfClDiDSkSGGf/preview,,1V9LvVQArCpRoAMhGRiqWfClDiDSkSGGf,,,t,t,[],
43926cdb-fac8-4b6a-840c-badd9ef718c2,2025-11-30 19:47:25.463779+00,2025-12-26 12:16:37.313239+00,Peso Muerto Rumano en Multipower,Variante de peso muerto enfocada en isquiotibiales y Glúteos con mayor seguridad.,"1. Col??cate en el multipower con los pies al ancho de caderas.
2. Agarra la barra con las manos al ancho de hombros.
3. Mant??n una ligera flexiín en las rodillas (no las bloquees).
4. Empuja las caderas hacia atr??s mientras bajas la barra.
5. Baja hasta sentir un buen estiramiento en los isquiotibiales.
6. Sube apretando los Glúteos y llevando las caderas hacia adelante.",strength,"[""isquiotibiales"", ""gl??teos"", ""erectores espinales""]","[""multipower""]",intermediate,https://drive.google.com/file/d/1BUmizHMeimmNKt2dc5b44VLAu42MBSut/preview,,1BUmizHMeimmNKt2dc5b44VLAu42MBSut,,,t,t,[],
142437c7-4751-49ea-aa9f-0da0fc86acfa,2025-11-30 19:47:25.46528+00,2025-12-26 12:16:37.315829+00,Peso Muerto Sumo en Multipower,Peso muerto con postura amplia que enfatiza aductores y Glúteos.,"1. Col??cate con los pies muy separados, puntas hacia afuera (45 grados).
2. Agarra la barra con las manos dentro de las piernas.
3. La espalda debe estar recta, pecho elevado.
4. Baja flexionando rodillas y caderas simult??neamente.
5. Las rodillas deben seguir la direcciín de los pies.
6. Sube empujando el suelo y apretando los Glúteos.",strength,"[""gl??teos"", ""aductores"", ""cu??driceps"", ""isquiotibiales""]","[""multipower""]",intermediate,https://drive.google.com/file/d/1JpwBpgqqeDz_WJoGj7RfTXA1y-Myb_fd/preview,,1JpwBpgqqeDz_WJoGj7RfTXA1y-Myb_fd,,,t,t,[],
1c1e629a-3a8a-4cc0-91f4-4bdb205a2902,2026-01-13 18:29:55.488728+00,2026-01-13 18:29:55.488756+00,Fondos en Máquina,Ejercicio perfecto para desarrollar tanto el pectoral como el tríceps,"1) Ajusta el asiento para que las asas queden a una altura cómoda y apoya bien la espalda en el respaldo, con los pies firmes en el suelo.

2) Agarra las asas con fuerza y activa el abdomen para estar estable. 

3) Empuja las asas hacia abajo y ligeramente hacia delante estirando los brazos, manteniendo el pecho erguido. 

4) Aprieta fuerte los tríceps un segundo abajo, sin encoger los hombros. 

5) Vuelve despacio a la posición inicial, controlando el movimiento y repite.",strength,"[""Pectoral"", ""Tríceps"", ""Hombros""]","[""Máquina""]",intermediate,,,,,,f,t,[],
ccb8ae5e-910a-4f4b-ae7c-eebd47509dc7,2025-11-30 19:47:25.476014+00,2025-12-26 12:16:37.288425+00,Clamshells,"Ejercicio de activaciín para el Glúteo medio, excelente para calentamiento o rehabilitaciín.","1. Acuústate de lado con las rodillas flexionadas a 45 grados.
2. Los pies deben estar juntos, uno sobre el otro.
3. Mant??n las caderas estables, sin rotar hacia atr??s.
4. Eleva la rodilla superior como abriendo una almeja.
5. Contrae el Glúteo en la apertura m??xima.
6. Baja controladamente y repite. Cambia de lado.",strength,"[""gl??teo medio"", ""abductores""]","[""banda el??stica (opcional)""]",beginner,https://drive.google.com/file/d/18cwIrcAFTCja-a1Rfo2yrDVCaS4orTVU/preview,,18cwIrcAFTCja-a1Rfo2yrDVCaS4orTVU,,,t,t,[],
a3e49bb6-05b7-49a6-bdad-5682d310fc13,2025-11-30 19:47:25.477013+00,2025-12-23 12:45:35.328757+00,Elevación de Talónn en Multipower,Ejercicio para desarrollar los gemelos con la estabilidad del multipower.,"1. Coloca la barra del multipower sobre los trapecios.
2. Pon las puntas de los pies en un escalónn o disco elevado.
3. Los talones deben quedar en el aire.
4. El??vate sobre las puntas de los pies lo m??s alto posible.
5. Contrae los gemelos en la parte superior.
6. Baja los talones por debajo del nivel del escalónn para estirar.",strength,"[""gemelos"", ""s??leo""]","[""multipower"", ""escal??n o disco""]",beginner,https://drive.google.com/file/d/1JFxE8ibrgPfbxhkIl-un3ELf1RRT2UKn/preview,,1JFxE8ibrgPfbxhkIl-un3ELf1RRT2UKn,,,t,t,[],
593c91c4-75b9-4217-92a0-062564eac4dd,2025-11-30 19:47:25.442894+00,2025-12-23 12:45:35.395152+00,Pull Over en Máquina,"Ejercicio de aislamiento que trabaja el dorsal y el serrato, expandiendo la caja torácica.","1. Siíntate en la máquina con la espalda bien apoyada.
2. Ajusta la altura del asiento para que los codos queden alineados con el eje de rotaciín.
3. Coloca los codos en los cojines y agarra las manijas.
4. Desde arriba, empuja hacia abajo en un arco hasta que los brazos queden cerca del torso.
5. Regresa controladamente a la posiciín inicial sintiendo el estiramiento.
6. Mant??n una ligera flexiín en los codos durante todo el movimiento.",strength,"[""dorsales"", ""serrato anterior"", ""pectorales""]","[""m??quina pullover""]",beginner,https://drive.google.com/file/d/1ooGIJSLDqluoHgC7Cfd3imxlO_nlRSF9/preview,,1ooGIJSLDqluoHgC7Cfd3imxlO_nlRSF9,,,t,t,[],
6c505e37-e908-4124-9d27-0ca42650da35,2025-11-30 19:47:25.472309+00,2025-12-26 12:16:37.301544+00,Hiperextensiones,"Ejercicio para fortalecer la cadena posterior: Glúteos, isquiotibiales y erectores.","1. Col??cate en el banco de hiperextensiones con los muslos apoyados.
2. Los pies quedan sujetos en los rodillos traseros.
3. Cruza los brazos sobre el pecho o detr??s de la cabeza.
4. Baja el torso flexionando las caderas controladamente.
5. Sube extendiendo las caderas hasta formar una lónnea recta.
6. No hiperextiendas la espalda; detente en la posiciín neutral.",strength,"[""erectores espinales"", ""gl??teos"", ""isquiotibiales""]","[""banco de hiperextensiones""]",beginner,https://drive.google.com/file/d/1K-ESh2ruKGpOXtGigF3RW57I3fwJdcc6/preview,,1K-ESh2ruKGpOXtGigF3RW57I3fwJdcc6,,,t,t,[],
cf76cddc-d49c-4bd0-948c-70ee5bfd5161,2025-11-30 19:47:25.467781+00,2025-12-26 12:16:37.305262+00,Hip Thrust en Multipower Glute Builder,El mejor ejercicio para desarrollar y fortalecer los Glúteos de forma aislada.,"1. Siíntate en el suelo con la espalda media apoyada en el banco.
2. Coloca la barra del multipower sobre la cadera (usa protector).
3. Los pies deben estar planos en el suelo, rodillas a 90 grados.
4. Empuja las caderas hacia arriba hasta que el torso quede paralelo al suelo.
5. Aprieta fuertemente los Glúteos en la posiciín superior.
6. Baja controladamente hasta que los Glúteos casi toquen el suelo.",strength,"[""gl??teos"", ""isquiotibiales""]","[""multipower"", ""banco"", ""protector de barra""]",beginner,https://drive.google.com/file/d/1cBiE2c13UET7KD_ssUps9LrPwitrvYYu/preview,,1cBiE2c13UET7KD_ssUps9LrPwitrvYYu,,,t,t,[],
31f8dca4-5f2a-47ef-89b0-34fbf4962286,2025-11-30 19:47:25.45124+00,2025-12-23 12:45:11.563239+00,Remo Alto Unilateral en Máquina,Remo unilateral enfocado en el deltoides posterior y trapecio superior.,"1. Col??cate frente a la máquina o polea a una altura media-alta.
2. Agarra la manija con una mano, el cuerpo ligeramente girado.
3. Tira hacia el hombro del mismo lado, con el codo elevado.
4. Mant??n el codo a la altura del hombro o ligeramente m??s alto.
5. Contrae el deltoides posterior y trapecio.
6. Completa un lado antes de cambiar al otro.",strength,"[""deltoides posterior"", ""trapecio"", ""romboides""]","[""m??quina de remo o polea""]",intermediate,https://drive.google.com/file/d/1od0QI-e8x0Kqt0rTz0ciK0HPvpAGkjJI/preview,,1od0QI-e8x0Kqt0rTz0ciK0HPvpAGkjJI,,,t,t,[],
f9767875-7b2a-431f-9ecb-5b7368135c41,2025-11-30 19:47:25.45799+00,2025-12-26 12:16:37.298554+00,Extensión de Tríceps en Polea Alta,Ejercicio de aislamiento clclásico para desarrollar los Tríceps.,"1. Col??cate frente a una polea alta con cuerda o barra.
2. Agarra el accesorio con ambas manos, codos flexionados a los lados.
3. Los codos deben permanecer fijos durante todo el movimiento.
4. Extiende los brazos hacia abajo, empujando hasta la extensiín completa.
5. Con cuerda: separa las manos al final para mayor contracciín.
6. Regresa controladamente sin subir los codos.",strength,"[""tr??ceps""]","[""polea alta"", ""cuerda o barra""]",beginner,https://drive.google.com/file/d/1mpn1dvmuYFSJEDOeugARxDEjN0M90rXz/preview,,1mpn1dvmuYFSJEDOeugARxDEjN0M90rXz,,,t,t,[],
b8c4284c-d14b-4bc9-8b31-2125f6e7a6fd,2025-11-30 19:47:25.464547+00,2025-12-26 12:16:37.312165+00,Peso Muerto Piernas Rígidas en Multipower,Peso muerto con piernas casi rectas para mmáximo estiramiento de isquiotibiales.,"1. Col??cate frente al multipower con los pies juntos o separados al ancho de caderas.
2. Agarra la barra con agarre al ancho de hombros.
3. Mant??n las piernas lo m??s rectas posible (m??nima flexiín de rodillas).
4. Flexiona las caderas bajando la barra por las piernas.
5. Baja hasta donde la flexibilidad lo permita sin redondear la espalda.
6. Sube contrayendo Glúteos e isquiotibiales.",strength,"[""isquiotibiales"", ""gl??teos"", ""erectores espinales""]","[""multipower""]",intermediate,https://drive.google.com/file/d/1_v0-0ENP_YgUV-_W_we-lTWuHQegOCcj/preview,,1_v0-0ENP_YgUV-_W_we-lTWuHQegOCcj,,,t,t,[],
b9c59f9d-7ca7-43a9-b6ce-dccdfc2408c7,2025-11-30 19:47:25.4692+00,2025-12-26 12:16:37.33992+00,Puente de Glúteo,Ejercicio Básico pero efectivo para activar y fortalecer los Glúteos.,"1. Acuústate boca arriba con las rodillas flexionadas.
2. Los pies deben estar planos en el suelo, cerca de los Glúteos.
3. Los brazos quedan a los lados para estabilidad.
4. Empuja las caderas hacia arriba apretando los Glúteos.
5. Forma una lónnea recta desde hombros hasta rodillas.
6. Mant??n 2-3 segundos arriba y baja controladamente.",strength,"[""gl??teos"", ""isquiotibiales""]","[""ninguno""]",beginner,https://drive.google.com/file/d/1If8M8Q7b8Aibav1NXdiOzLQzCT-NyvDI/preview,,1If8M8Q7b8Aibav1NXdiOzLQzCT-NyvDI,,,t,t,[],
a6aa6687-62c4-42e6-9152-a8366f8e607b,2025-11-30 19:47:25.469961+00,2025-12-26 12:16:37.342171+00,Puente de Glúteo con Peso,Puente de Glúteo con carga adicional para mayor resistencia y desarrollo muscular.,"1. Acuústate boca arriba con un disco o barra sobre las caderas.
2. Rodillas flexionadas, pies planos en el suelo.
3. Sujeta el peso con las manos para estabilizarlo.
4. Empuja las caderas hacia arriba contrayendo los Glúteos.
5. Eleva hasta formar una lónnea recta hombros-caderas-rodillas.
6. Baja controladamente y repite.",strength,"[""gl??teos"", ""isquiotibiales""]","[""disco"", ""barra""]",beginner,https://drive.google.com/file/d/1mdgfrUsPg64hs1MjrGcA2kY438qdlacG/preview,,1mdgfrUsPg64hs1MjrGcA2kY438qdlacG,,,t,t,[],
0b5b1ae1-0b02-4a17-a95b-129784d6b4cf,2025-11-30 19:47:25.468516+00,2025-12-26 12:16:37.325744+00,Prensa de Glúteo en Multipower,Ejercicio específico para activar y desarrollar los Glúteos en el multipower.,"1. Col??cate bajo el multipower con los pies en posiciín elevada.
2. La barra debe quedar sobre las caderas.
3. Empuja hacia arriba extendiendo completamente las caderas.
4. Enf??cate en contraer los Glúteos en la parte superior.
5. Baja controladamente manteniendo la tensiín.
6. Mant??n el core activado durante todo el movimiento.",strength,"[""gl??teos"", ""isquiotibiales""]","[""multipower""]",intermediate,https://drive.google.com/file/d/1yGNzbx99MszJJadW2IhB6p-zq9_eouof/preview,,1yGNzbx99MszJJadW2IhB6p-zq9_eouof,,,t,t,[],
6cf05a12-d2ea-403b-b9b9-0e69edacf62c,2026-01-13 19:07:53.541933+00,2026-01-13 19:08:19.115483+00,Curl Femoral Tumbado/a,,"1) Túmbate boca abajo en la máquina y coloca los tobillos debajo del rodillo, con las rodillas alineadas con el eje de la máquina (y FUERA DEL SOPORTE, la rodilla debe quedar libre) 

2) Agarra las asas y aprieta el abdomen para que la cadera no se despegue del banco. 

3) Flexiona las piernas llevando los talones hacia los glúteos de forma controlada. 

4) Aprieta los isquios un segundo arriba, sin arquear la espalda. 

5) Baja las piernas despacio hasta la posición inicial y repite manteniendo el control.",strength,"[""Isquios""]",[],beginner,,,,,,f,t,[],
338bb0f2-6ae1-4dfd-922f-2d696d0c1a7f,2026-01-13 21:58:24.599582+00,2026-01-13 21:58:24.599604+00,ejercicio de prueba,,prueba,cardio,"[""pectoral""]",[],intermediate,,,,,,f,t,[],
a880b436-9c10-4010-9b3e-f7ffef19894d,2025-11-30 19:47:25.436278+00,2025-12-23 12:45:35.382253+00,Press Banca en Multipower,"Ejercicio fundamental para desarrollar el pecho, ejecutado en máquina Smith para mayor estabilidad y seguridad.","1. Acuústate en el banco con los pies firmemente apoyados en el suelo.
2. Agarra la barra con las manos ligeramente m??s abiertas que el ancho de hombros.
3. Desbloquea la barra y b??jala controladamente hasta tocar el pecho (zona media-baja del estern??n).
4. Empuja la barra hacia arriba hasta extender los brazos sin bloquear los codos.
5. Mant??n los om??platos retra??dos y el pecho elevado durante todo el movimiento.
6. Respira: inhala al bajar, exhala al empujar.",strength,"[""pectorales"", ""tr??ceps"", ""deltoides anterior""]","[""multipower"", ""banco plano""]",beginner,https://drive.google.com/file/d/1LYoonI3aFzkNLAXABjo-NgPXhG7LunM8/preview,,1LYoonI3aFzkNLAXABjo-NgPXhG7LunM8,,,t,t,[],
98b30ab6-498b-4ad1-aec8-f80aa6ebb51b,2025-11-30 19:47:25.439529+00,2025-12-23 12:45:35.384462+00,Press Banca Inclinado en Multipower,Variante inclinada del press de banca que enfatiza la porciín superior del pecho (pectoral clavicular).,"1. Ajusta el banco a una inclinaciín de 30-45 grados.
2. Acuústate con la espalda bien apoyada y los pies en el suelo.
3. Agarra la barra con un agarre ligeramente m??s ancho que los hombros.
4. Desbloquea y baja la barra hacia la parte superior del pecho (cerca de las clav??culas).
5. Empuja hacia arriba siguiendo la lónnea de las guáas del multipower.
6. Mant??n los codos a unos 45-60 grados del torso.",strength,"[""pectorales"", ""pectoral clavicular"", ""deltoides anterior"", ""tr??ceps""]","[""multipower"", ""banco inclinado""]",beginner,https://drive.google.com/file/d/1SHCmxhda5jJbb07Hsp9EtaLvtB7AVixM/preview,,1SHCmxhda5jJbb07Hsp9EtaLvtB7AVixM,,,t,t,[],
755b5e9b-31d5-4323-b53c-5049520da779,2025-11-30 19:47:25.455041+00,2026-01-22 10:46:20.14023+00,Press Militar en Multipower,Press de hombros en máquina guiada para desarrollar los deltoides de forma segura.,"1. Siíntate en un banco con respaldo bajo la barra del multipower.
2. La barra debe quedar a la altura del mentn cuando ests sentado.
3. Agarra la barra con las manos ligeramente ms anchas que los hombros.
4. Desbloquea y empuja la barra hacia arriba hasta extender los brazos.
5. Baja controladamente hasta que la barra llegue a la altura de la barbilla.
6. Mantn el core apretado y la espalda contra el respaldo.",strength,"[""deltoides anterior"", ""deltoides lateral"", ""tríceps""]","[""multipower"", ""banco muy inclinado""]",beginner,https://drive.google.com/file/d/1M441uMTiTv7eH4lPmF2BnvfLftTEFVrl/preview,,1M441uMTiTv7eH4lPmF2BnvfLftTEFVrl,,,t,t,[],
13b2bb6e-1573-4edc-842f-0faf1c190efe,2025-11-30 19:47:25.463047+00,2025-12-26 12:16:37.294866+00,Curl Femoral en Máquina,Ejercicio de aislamiento esencial para desarrollar los isquiotibiales.,"1. Acuústate boca abajo en la máquina de curl femoral.
2. Ajusta el rodillo para que quede justo encima de los talones.
3. Sujeta las manijas para estabilizarte.
4. Flexiona las rodillas llevando los talones hacia los Glúteos.
5. Contrae los isquiotibiales en la posiciín final.
6. Baja controladamente sin dejar caer el peso.",strength,"[""isquiotibiales"", ""gemelos""]","[""m??quina curl femoral""]",beginner,https://drive.google.com/file/d/1t2_FKRhQWQrUZu8L8fLxZ3tqsT5dSdnV/preview,,1t2_FKRhQWQrUZu8L8fLxZ3tqsT5dSdnV,,,t,t,[],
f663ff7e-75f4-4c30-945a-a839a882b759,2025-11-30 19:47:25.460697+00,2025-12-26 12:16:37.320756+00,Prensa,Ejercicio compuesto para piernas que permite mover grandes cargas de forma segura.,"1. Siíntate en la prensa con la espalda y Glúteos bien apoyados.
2. Coloca los pies en la plataforma al ancho de hombros.
3. Desbloquea los seguros y baja el peso flexionando las rodillas.
4. Baja hasta que las rodillas formen aproximadamente 90 grados.
5. Empuja la plataforma extendiendo las piernas sin bloquear las rodillas.
6. Mant??n los pies planos y las rodillas alineadas con los pies.",strength,"[""cu??driceps"", ""gl??teos"", ""isquiotibiales""]","[""m??quina prensa de piernas""]",beginner,https://drive.google.com/file/d/1o5xKHhc2wibk2BPkEXk7uLfdwGg3US0B/preview,,1o5xKHhc2wibk2BPkEXk7uLfdwGg3US0B,,,t,t,[],
9fb2ddf4-e2f6-4332-a8f6-ac0cd0870c5a,2025-11-30 19:47:25.466844+00,2025-12-26 12:16:37.286973+00,Buenos Días en Multipower,Ejercicio de bisagra de cadera excelente para isquiotibiales y erectores espinales.,"1. Coloca la barra del multipower sobre los trapecios (no en el cuello).
2. Pies al ancho de hombros, rodillas ligeramente flexionadas.
3. Mant??n la espalda recta y el core apretado.
4. Inclónnate hacia adelante empujando las caderas hacia atr??s.
5. Baja hasta que el torso est?? casi paralelo al suelo.
6. Sube contrayendo isquiotibiales y Glúteos.",strength,"[""isquiotibiales"", ""gl??teos"", ""erectores espinales""]","[""multipower""]",intermediate,https://drive.google.com/file/d/1hVF7X1pLkD2V1AlH5UIPj8ARO3KKMWCN/preview,,1hVF7X1pLkD2V1AlH5UIPj8ARO3KKMWCN,,,t,t,[],
058f42e5-8eb6-4d85-9cb6-6273d22b8792,2025-11-30 19:47:25.446724+00,2025-12-23 12:45:35.346582+00,Jalón al Pecho Agarre Estrecho,Jalón con agarre cerrado que enfatiza la porciín central e inferior del dorsal.,"1. Utiliza un accesorio de agarre cerrado (triíngulo o barra V).
2. Siíntate con el torso erguido y los muslos asegurados.
3. Agarra con las palmas enfrentadas (agarre neutro).
4. Tira hacia el pecho medio-bajo, llevando los codos hacia las costillas.
5. Mant??n los codos cerca del cuerpo durante todo el movimiento.
6. Estira completamente arriba para maximizar el rango.",strength,"[""dorsales"", ""romboides"", ""b??ceps""]","[""m??quina de jalones"", ""accesorio agarre cerrado""]",beginner,https://drive.google.com/file/d/1hYimM9UWXVCQ66FI8shr5agccY1CjEOs/preview,,1hYimM9UWXVCQ66FI8shr5agccY1CjEOs,,,t,t,[],
511881f5-b1a8-42ea-99c8-baedd3b14d32,2025-11-30 19:47:25.447681+00,2025-12-23 12:45:35.352316+00,Jalón al Pecho Agarre Unilateral,Versiín unilateral que permite corregir desequilibrios musculares y mayor rango de movimiento.,"1. Usa una manija de un solo agarre en la polea alta.
2. Siíntate de lado o frente a la máquina.
3. Agarra la manija con una mano, el otro brazo puede apoyarse para estabilidad.
4. Tira hacia el costado del pecho, rotando ligeramente el torso.
5. Exprime el dorsal en la contracciín m??xima.
6. Completa todas las repeticiones de un lado antes de cambiar.",strength,"[""dorsales"", ""romboides"", ""b??ceps""]","[""polea alta"", ""manija simple""]",intermediate,https://drive.google.com/file/d/1jgAzBDSjksfn632YDJCL3ijqLxA5X6Yx/preview,,1jgAzBDSjksfn632YDJCL3ijqLxA5X6Yx,,,t,t,[],
46f05fd2-9f98-4f81-8945-71b634eae1b1,2025-11-30 19:47:25.457264+00,2025-12-26 12:16:37.293214+00,Curl de Bíceps en Polea Unilateral,Curl unilateral en polea para trabajar cada Bíceps de forma independiente.,"1. Col??cate de lado o frente a una polea baja con manija simple.
2. Agarra la manija con una mano, palma hacia arriba.
3. Mant??n el codo fijo al costado del cuerpo.
4. Flexiona el codo llevando la mano hacia el hombro.
5. Gira la muéeca (supinaciín) al subir para mayor contracciín.
6. Baja controladamente y repite. Cambia de lado al terminar.",strength,"[""b??ceps""]","[""polea baja"", ""manija simple""]",beginner,https://drive.google.com/file/d/1XvW_pI13L9qXxZA-Oqol8MV9vJiVDmia/preview,,1XvW_pI13L9qXxZA-Oqol8MV9vJiVDmia,,,t,t,[],
e2c26a26-524f-432c-9fa3-a5e6cef0e1db,2025-11-30 19:47:25.443927+00,2025-12-23 12:45:35.396967+00,Pull Over en Polea Alta,Variante con cable que proporciona tensiín constante para trabajar dorsales y serrato.,"1. Col??cate de pie frente a una polea alta con una cuerda o barra recta.
2. Inclina ligeramente el torso hacia adelante con las rodillas semiflexionadas.
3. Con los brazos casi extendidos, agarra el accesorio por encima de la cabeza.
4. Tira hacia abajo en un arco hasta que las manos lleguen a la altura de los muslos.
5. Contrae los dorsales al final del movimiento.
6. Regresa controladamente manteniendo la tensiín.",strength,"[""dorsales"", ""serrato anterior"", ""tr??ceps""]","[""polea alta"", ""cuerda o barra""]",beginner,https://drive.google.com/file/d/1_N_nT-t-z3kXgVpBfDx_2jcFpBJKJxkQ/preview,,1_N_nT-t-z3kXgVpBfDx_2jcFpBJKJxkQ,,,t,t,[],
8d65431d-73e3-4771-8cbd-df1003166c7b,2025-11-30 19:47:25.454231+00,2025-12-23 12:46:09.939841+00,Dominada con Banda Elástica,Versiín asistida de la dominada para quienes aán no pueden realizar dominadas completas.,"1. Enrolla una banda elástica en la barra de dominadas.
2. Coloca una rodilla o pie en el lazo de la banda.
3. Agarra la barra con agarre prono, m??s ancho que los hombros.
4. La banda te ayudar?? a subir, aprovecha para practicar la t??cnica.
5. Tira hasta que la barbilla supere la barra.
6. Baja controladamente, la banda tambiín asiste en el descenso.",strength,"[""dorsales"", ""b??ceps"", ""trapecio""]","[""barra de dominadas"", ""banda el??stica""]",beginner,https://drive.google.com/file/d/1aDeXRUlSl4TYRKqpdBm7XHZiql3nX-Vc/preview,,1aDeXRUlSl4TYRKqpdBm7XHZiql3nX-Vc,,,t,t,[],
71160951-538b-4807-b17d-9e53a3e4dac9,2025-11-30 19:47:25.459752+00,2025-12-26 12:16:37.29706+00,Extensión de Cuádriceps en Máquina,"Ejercicio de aislamiento para los Cuádriceps, excelente para definiciín y rehabilitaciín.","1. Siíntate en la máquina con la espalda bien apoyada.
2. Ajusta el rodillo para que quede sobre los tobillos.
3. Sujeta las manijas laterales para estabilidad.
4. Extiende las piernas hasta que queden completamente rectas.
5. Contrae los Cuádriceps en la parte superior, mant??n 1-2 segundos.
6. Baja controladamente hasta 90 grados de flexiín.",strength,"[""cu??driceps""]","[""m??quina de extensi??n de cu??driceps""]",beginner,https://drive.google.com/file/d/10GXnSdDVO0D9p4Ije1izVmThw4JfRZot/preview,,10GXnSdDVO0D9p4Ije1izVmThw4JfRZot,,,t,t,[],
620b8f79-e110-4a79-8f3a-e2f7168ea883,2026-01-13 21:59:59.93907+00,2026-01-13 21:59:59.939088+00,Ejercicio de Prueba Test,,Instrucciones de prueba,strength,"[""biceps""]",[],beginner,,,,,,f,t,[],21
f8e3851e-f034-407b-9d85-6bac8b02d2f7,2025-11-30 19:47:25.456561+00,2025-12-26 12:16:37.291677+00,Curl de Bíceps en Polea con Barra Z,Curl con barra EZ en polea baja para tensiín constante en el Bíceps.,"1. Col??cate frente a una polea baja con barra EZ.
2. Agarra la barra con las manos en las curvas, palmas hacia arriba.
3. Mant??n los codos pegados a los costados.
4. Flexiona los codos llevando la barra hacia los hombros.
5. Aprieta los Bíceps en la contracciín m??xima.
6. Baja de forma controlada sin mover los codos.",strength,"[""b??ceps"", ""braquial"", ""braquiorradial""]","[""polea baja"", ""barra EZ""]",beginner,https://drive.google.com/file/d/1g8xvzPVSm9IixCdFQYb_TFjBgQzyg1L0/preview,,1g8xvzPVSm9IixCdFQYb_TFjBgQzyg1L0,,,t,t,[],
310a495e-274a-497d-a3f0-08ebc0ce0a7e,2025-11-30 19:47:25.474011+00,2025-12-26 12:16:37.303981+00,Hiperextensiones en Máquina Glute Builder,Hiperextensiones en máquina especializada para mayor enfoque en Glúteos.,"1. Ajusta la máquina glute builder a tu altura.
2. Col??cate con las caderas en el borde del cojónn.
3. Los pies quedan asegurados en la plataforma.
4. Baja el torso controladamente hacia abajo.
5. Sube contrayendo fuertemente los Glúteos.
6. Mant??n el core activado para proteger la espalda.",strength,"[""gl??teos"", ""isquiotibiales"", ""erectores espinales""]","[""m??quina glute builder""]",beginner,https://drive.google.com/file/d/1Dofr5JZSJYat914o04Jfv5O9PFWwCjV_/preview,,1Dofr5JZSJYat914o04Jfv5O9PFWwCjV_,,,t,t,[],
7a95a915-86a3-4efa-b8b4-0bd1680c75f6,2025-11-30 19:47:25.470684+00,2025-12-26 12:16:37.309087+00,Patada de Glúteo en Máquina,Ejercicio de aislamiento en máquina para trabajar el Glúteo mayor.,"1. Col??cate en la máquina de patada de Glúteo con una rodilla apoyada.
2. El pie de trabajo se coloca contra la plataforma.
3. Agarra las manijas para estabilizarte.
4. Empuja la plataforma hacia atr??s extendiendo la cadera.
5. Contrae el Glúteo en la extensiín m??xima.
6. Regresa controladamente sin perder tensiín.",strength,"[""gl??teos""]","[""m??quina de patada de gl??teo""]",beginner,https://drive.google.com/file/d/1-AYHcfjCJSxaq644Oo9ePYYJliBaxZWq/preview,,1-AYHcfjCJSxaq644Oo9ePYYJliBaxZWq,,,t,t,[],
e8828cb2-0151-4415-b13a-a77084e5c756,2025-11-30 19:47:25.471538+00,2025-12-26 12:16:37.310641+00,Patada de Glúteo en Polea Media,Patada de Glúteo con cable para tensiín constante y mayor control.,"1. Conecta una tobillera a una polea baja o media.
2. Col??cate frente a la máquina, manos en un soporte.
3. Extiende la pierna hacia atr??s en un movimiento controlado.
4. Mant??n la rodilla ligeramente flexionada.
5. Contrae el Glúteo en la extensiín m??xima.
6. Regresa controladamente y repite. Cambia de pierna.",strength,"[""gl??teos""]","[""polea"", ""tobillera""]",beginner,https://drive.google.com/file/d/1f_yehcj7XhWj0cxmHhkLIYD-9TNFsZ3T/preview,,1f_yehcj7XhWj0cxmHhkLIYD-9TNFsZ3T,,,t,t,[],
8569662b-ae9d-49b2-b5b0-f74fde281ae4,2025-11-30 19:47:25.474735+00,2025-12-26 12:16:37.284598+00,Abducción en Polea,Ejercicio de aislamiento para el glúteo medio y abductores.,"1. Conecta una tobillera a una polea baja.
2. Col??cate de lado a la máquina, la pierna de trabajo m??s alejada.
3. Ap??yate en un soporte con la mano cercana a la máquina.
4. Eleva la pierna lateralmente, alejónndola del cuerpo.
5. Contrae el Glúteo medio en la parte alta del movimiento.
6. Baja controladamente y repite. Cambia de lado.",strength,"[""gl??teo medio"", ""abductores""]","[""polea baja"", ""tobillera""]",beginner,https://drive.google.com/file/d/1R3hL42zvqID-QB5e0Jgu1HsxwZhi73FP/preview,,1R3hL42zvqID-QB5e0Jgu1HsxwZhi73FP,,,t,t,[],
aac9801d-ce87-4e34-86d8-b8488ff04aaa,2025-11-30 19:47:25.455828+00,2025-12-26 12:16:37.290252+00,Curl de Bíceps Bayesian,Curl en polea con el brazo detrés del cuerpo para mmáximo estiramiento y contracciín del Bíceps.,"1. Col??cate de espaldas a una polea baja, agarra la manija con una mano.
2. Da un paso adelante para que el brazo quede extendido detr??s de ti.
3. El hombro debe estar en extensiín (brazo hacia atr??s).
4. Flexiona el codo llevando la mano hacia el hombro.
5. Contrae el Bíceps en la parte superior.
6. Baja controladamente sintiendo el estiramiento m??ximo.",strength,"[""b??ceps"", ""braquial""]","[""polea baja"", ""manija simple""]",intermediate,https://drive.google.com/file/d/1df8_tZybglSp-2lfJNH_BgA9kVgbXEVo/preview,,1df8_tZybglSp-2lfJNH_BgA9kVgbXEVo,,,t,t,[],
5e7af3c2-187c-4d65-ac05-def2c1cf0513,2025-11-30 19:47:25.445849+00,2025-12-26 12:16:37.307138+00,Jalón al Pecho Agarre Supino,Variante con agarre invertido que aumenta la participaciín del Bíceps y trabaja diferente éngulo del dorsal.,"1. Siíntate con los muslos asegurados bajo los cojines.
2. Agarra la barra con las palmas mirando hacia ti (agarre supino), manos al ancho de hombros.
3. Mant??n el pecho elevado y los hombros hacia atr??s.
4. Tira de la barra hacia el pecho, enfoc??ndote en llevar los codos hacia atr??s.
5. Contrae fuertemente los dorsales y Bíceps en el punto final.
6. Extiende los brazos completamente en cada repeticiín.",strength,"[""dorsales"", ""b??ceps"", ""romboides""]","[""m??quina de jalones"", ""barra larga""]",beginner,https://drive.google.com/file/d/1vC-VnM9JX-351UI78kg17s7JZQ1qJLI2/preview,,1vC-VnM9JX-351UI78kg17s7JZQ1qJLI2,,,t,t,[],
5aa6f083-5d7e-4a27-ba63-e99a193d48d9,2026-01-16 15:27:28.590616+00,2026-01-16 15:27:28.590635+00,Hip Thrust en Barra Libre,,"1) Apoya la parte alta de la espalda en un banco, coloca los pies en el suelo al ancho de caderas abriendo punteras ligeramente y pon la barra sobre la cadera con una almohadilla. 

2) Empieza con la cadera abajo, barbilla un poco metida y abdomen apretado para no arquear la espalda. 

3) Empuja el suelo con los talones y sube la cadera hasta que hombros, cadera y rodillas queden en línea. 

4) Arriba, aprieta fuerte el glúteo un segundo sin sacar pecho ni arquear la zona lumbar. 

5) Baja la cadera despacio, controlando el movimiento, y repite manteniendo siempre la tensión.",strength,"[""Glúteo"", ""Isquio""]",[],intermediate,,,,,,f,t,[],21
82170287-a1e8-4bac-ac34-e55197319ece,2026-01-17 16:23:47.212377+00,2026-01-17 16:23:47.212392+00,Elevaciones Laterales en Máquina,,"1) Siéntate en la máquina con la espalda bien apoyada en el respaldo (si lo tiene) y los pies firmes en el suelo. 

2) Coloca los antebrazos o codos en los apoyos y agarra las asas si las tiene. 

3) Activa el abdomen y eleva los brazos hacia los lados hasta la altura de los hombros, sin encogerlos. 

4) Aprieta el hombro un segundo arriba, sin impulsos. 

5) Baja despacio a la posición inicial y repite controlando el movimiento.",strength,"[""Deltoides lateral""]","[""Máquina""]",beginner,,,,,,f,t,[],21
6277cd86-9fe7-41c5-8d75-281139a9b3ca,2026-01-17 16:26:29.317951+00,2026-01-17 16:26:29.317972+00,Elevaciones Laterales con Mancuerna,,"1.	Colócate de pie con la espalda ligeramente inclinada hacia adelante, manteniendo la columna recta, una mancuerna en cada mano y los brazos a los lados del cuerpo. 

2) Aprieta el abdomen y mantén los hombros relajados. 

3) Eleva los brazos hacia los lados con los codos muy ligeramente flexionados, como si quisieras lanzarla hacia al lado, hasta la altura de los hombros, sin elevar el trapecio.

4) Aprieta el hombro un segundo arriba sin encogerlos ni balancearte (el codo y el hombro deben estar ligeramente más altos que tu mano y la mancuerna).

 5) Baja despacio las mancuernas y repite el movimiento de forma controlada.",strength,"[""Deltoides Lateral""]","[""Mancuernas""]",intermediate,,,,,,f,t,[],21
8d7cda8f-87b2-4d4c-9768-cab166d3c9ff,2026-01-14 18:28:05.026649+00,2026-01-22 10:36:18.034489+00,Sentadilla Búgara en Multipower,,"1) Colócate en la multipower y apoya el pie trasero en un banco, dejando el pie delantero bien plantado en el suelo. 

2) Ajusta la distancia para que al bajar la rodilla delantera se flexione sin que el talón se levante. 

3) Aprieta el abdomen y mantén el pecho erguido. 

4) Baja de forma controlada flexionando la pierna delantera, sin dejar que la rodilla se meta hacia dentro. 

5) Empuja con el talón del pie delantero para subir y vuelve a la posición inicial, manteniendo el equilibrio y repite",strength,"[""Cuádriceps"", ""Glúteo"", ""Isquio""]","[""Banco"", ""Multipower""]",beginner,,,,,,f,t,[],21
5a07d0c8-3f45-4169-b45a-b8ec7a393a71,2026-01-17 16:27:21.398143+00,2026-01-17 16:27:56.348124+00,Elevaciones Laterales Sentado,,"1.	Colócate sentado en un banco, con la espalda ligeramente inclinada hacia adelante, manteniendo la columna recta, una mancuerna en cada mano y los brazos a los lados del cuerpo. 

2) Aprieta el abdomen y mantén los hombros relajados. 

3) Eleva los brazos hacia los lados con los codos muy ligeramente flexionados, como si quisieras lanzarla hacia al lado, hasta la altura de los hombros, sin elevar el trapecio.

4) Aprieta el hombro un segundo arriba sin encogerlos ni balancearte (el codo y el hombro deben estar ligeramente más altos que tu mano y la mancuerna).

 5) Baja despacio las mancuernas y repite el movimiento de forma controlada",strength,"[""Deltoides Lateral""]",[],beginner,,,,,,f,t,[],21
0f88f59d-6a6c-4b8d-bad4-cf46d03d13b5,2026-01-17 16:30:49.103768+00,2026-01-17 16:30:49.103781+00,Elevaciones Laterales en Polea Baja,,"1.	Colócate de pie de lado a la polea baja, con la espalda ligeramente inclinada hacia delante, columna recta y el asa cogida con la mano más alejada de la polea

	2.	 Aprieta el abdomen y mantén los hombros relajados y bajos.

	3.	 Eleva el brazo hacia el lado tirando de la polea, con el codo muy ligeramente flexionado, como si quisieras “lanzar” el asa hacia fuera, hasta la altura del hombro, sin subir el trapecio.

	4.	 Aprieta el hombro un segundo arriba sin encogerlo ni balancearte (el codo y el hombro deben quedar ligeramente más altos que la mano y el asa).

	5.	 Baja el brazo despacio hasta la posición inicial, manteniendo tensión constante en la polea, y repite el movimiento de forma controlada.",strength,"[""Deltoides Lateral""]","[""Polea baja"", ""agarre""]",intermediate,,,,,,f,t,[],21
ce3adf39-f10f-4f17-a40d-a7eb88cf5585,2026-01-17 16:32:49.87618+00,2026-01-17 16:32:49.876197+00,Elevaciones Laterales en Polea Media,,"1. Colócate de pie de lado a la polea (que tiene que estar ligeramente por encima de la altura del ombligo) con la espalda ligeramente inclinada hacia delante, columna recta y el asa cogida con la mano más alejada de la máquina, brazo a un lado del cuerpo.

	2. Aprieta el abdomen y mantén los hombros relajados y bajos.

	3.	Eleva el brazo hacia el lado tirando de la polea, con el codo muy ligeramente flexionado, como si quisieras “lanzar” el asa hacia fuera, hasta la altura del hombro, sin subir el trapecio

	4. Aprieta el hombro un segundo arriba sin encogerlo ni balancearte (el codo y el hombro deben quedar ligeramente más altos que la mano y el asa)

	5. Baja el brazo despacio hasta la posición inicial, manteniendo tensión constante en la polea, y repite el movimiento de forma controlada.",strength,[],"[""Polea""]",intermediate,,,,,,f,t,[],21
cacc0daa-0c9e-4e01-b863-badb0fb72baf,2026-01-17 16:35:29.312339+00,2026-01-17 16:35:29.312361+00,Elevaciones Laterales con Banda Elástica,,"1.	Colócate de pie mientras pisas una banda elástica de poca resistencia, con la espalda ligeramente inclinada hacia delante, columna recta y el extremo de la goma cogida con la mano (o manos) que quieras y trabajar

	2.	Aprieta el abdomen y mantén los hombros relajados y bajos

	3.	Eleva el brazo hacia el lado tirando de la banda, con el codo muy ligeramente flexionado, como si quisieras “lanzar” un objeto hacia fuera, hasta la altura del hombro, sin subir el trapecio

	4.	Aprieta el hombro un segundo arriba sin encogerlo ni balancearte (el codo y el hombro deben quedar ligeramente más altos que la mano)

	5.	Baja el brazo despacio hasta la posición inicial, manteniendo tensión constante en la banda elástica, y repite el movimiento de forma controlada.",strength,"[""Deltoides Lateral""]",[],beginner,,,,,,f,t,[],21
4e805d9a-d07e-488d-9adb-703d8750f237,2026-01-17 16:39:05.450226+00,2026-01-17 16:39:05.450249+00,Elevaciones Laterales Unilaterales con Mancuerna,,"1.	Colócate de pie, con el torso ligeramente inclinado hacia el lado, columna recta y la mancuerna cogida con la mano que forma un ángulo obtuso (no agudo)

	2.	Aprieta el abdomen y mantén los hombros relajados y bajos.

	3.	Eleva el brazo hacia el lado, levantando la mancuerna, con el codo muy ligeramente flexionado, como si quisieras “lanzar” la mancuerna hacia fuera, hasta la altura del hombro, sin subir el trapecio.

	4.	Aprieta el hombro un segundo arriba sin encogerlo ni balancearte (el codo y el hombro deben quedar ligeramente más altos que la mano y la mancuerna).

	5.	Baja el brazo despacio hasta la posición inicial, manteniendo tensión constante, y repite el movimiento de forma controlada.",strength,"[""Deltoides Lateral""]",[],intermediate,,,,,,f,t,[],21
5ee92150-1b1f-4a11-98f3-6ffa4bbd2ce2,2026-01-17 16:41:02.704805+00,2026-01-17 16:41:02.704827+00,Flexiones,,"1.	Colócate boca abajo con las manos apoyadas en el suelo a la altura del pecho y un poco más abiertas que los hombros, cuerpo en línea recta de cabeza a pies.

	2.	Aprieta el abdomen y los glúteos para que el cuerpo no se hunda ni se arquee.

	3.	Flexiona los codos y baja el pecho hacia el suelo de forma controlada, manteniendo los codos cerca del torso.

	4.	Cuando el pecho esté cerca del suelo, empuja fuerte con las manos para volver arriba, estirando los brazos sin bloquearlos del todo.

	5.	Mantén el cuerpo firme, sin balanceos, y repite el movimiento de forma controlada.",bodyweight,"[""Pecho"", ""Hombro"", ""Tríceps""]",[],beginner,,,,,,f,t,[],21
22e3f45d-6974-48e2-ab98-682d025a6a53,2026-01-17 16:43:50.107779+00,2026-01-17 16:43:50.107805+00,Flexiones de Rodillas,,"1.	Colócate boca abajo con las manos apoyadas en el suelo a la altura del pecho, y un poco más abiertas que los hombros, cuerpo en línea recta de cabeza a pies y de rodillas en el suelo

	2.	Aprieta el abdomen y los glúteos para que el cuerpo no se hunda ni se arquee.

	3.	Flexiona los codos y baja el pecho hacia el suelo de forma controlada, manteniendo los codos ligeramente abiertos.

	4.	Cuando el pecho esté cerca del suelo, empuja fuerte con las manos para volver arriba, estirando los brazos sin bloquearlos del todo.

	5.	Mantén el cuerpo firme, sin balanceos, y repite el movimiento de forma controlada.",bodyweight,"[""Pecho"", ""Hombro"", ""Tríceps""]",[],beginner,,,,,,f,t,[],21
93a039b1-b7e3-4962-8b70-b9cd6dfe765b,2026-01-17 16:45:21.699111+00,2026-01-17 16:45:21.699132+00,Flexiones Inclinado,,"1.	Coloca las manos apoyadas en un banco o superficie elevada, a la altura del pecho y un poco más abiertas que los hombros.

	2.	Estira el cuerpo en línea recta desde la cabeza hasta los pies y aprieta abdomen y glúteos.

	3.	Flexiona los codos y baja el pecho hacia el banco de forma controlada, manteniendo los codos cerca del torso (sin abrirlos).

	4.	Cuando el pecho esté cerca del apoyo, empuja con las manos para volver arriba, sin bloquear los codos.

	5.	Mantén el cuerpo firme, sin arquear la espalda ni balancearte, y repite el movimiento.",bodyweight,"[""Pecho"", ""Hombro"", ""Tríceps""]",[],beginner,,,,,,f,t,[],21
504a5625-e248-4ed9-87fd-274dbdf9e260,2026-01-17 16:48:15.71561+00,2026-01-17 16:48:15.715632+00,Flexiones Declinado,,"1.	Coloca los pies elevados en un banco o superficie alta y las manos apoyadas en el suelo a la altura del pecho, un poco más abiertas que los hombros.

	2.	Mantén el cuerpo en línea recta de cabeza a pies y aprieta abdomen y glúteos.

	3.	Flexiona los codos y baja el pecho hacia el suelo de forma controlada, con los codos pegados al cuerpo.

	4.	Cuando el pecho esté cerca del suelo, empuja fuerte con las manos para volver arriba, sin bloquear los codos.

	5.	Mantén el cuerpo estable, sin arquear la espalda ni balancearte, y repite el movimiento de forma controlada.",bodyweight,"[""Pecho"", ""Hombro"", ""Tríceps""]",[],intermediate,,,,,,f,t,[],21
d93a0536-89d3-475f-83a1-74edeb3358fe,2026-01-22 10:44:59.247722+00,2026-01-22 10:52:42.846811+00,Press Militar de Pie con Barra,,"Colócate de pie con los pies al ancho de hombros y la barra apoyada a la altura de los hombros, agarrándola un poco más abierta que los hombros.

Aprieta el abdomen y los glúteos para estar estable y mantén la espalda recta y coloca los codos orientados hacia el frente

Empuja la barra hacia arriba en línea recta, pasando cerca de la cara, hasta estirar los brazos

Cuando la barra esté arriba, mantén el cuerpo firme sin arquear la espalda.

Baja la barra despacio de nuevo a la altura de los hombros y repite el movimiento de forma controlada.",strength,"[""Deltoides anterior"", ""Deltoides lateral"", ""Tríceps""]","[""Barra""]",advanced,,,,,,f,t,[],21
d5855c29-d9c5-487a-8e91-2b09e4679fcf,2026-01-22 11:15:17.440122+00,2026-01-22 11:15:17.440143+00,Sentadilla Barra Alta en Multipower,,"Colócate debajo de la barra del multipower y apóyala en la parte alta de la espalda, sobre el trapecio (no en el cuello), agarrándola un poco más abierta que los hombros.

Coloca los pies un poco adelantados respecto a la barra, al ancho de hombros o un poquito más, con las puntas un poco hacia fuera y desbloquea la barra.

Antes de bajar, aprieta el abdomen, saca pecho sin arquear la espalda y mira al frente.

Baja flexionando rodillas y cadera a la vez, dejando que las rodillas vayan hacia delante de forma natural, manteniendo los talones apoyados.

Desciende hasta donde te permita la movilidad sin perder la postura ni despegar los talones.

Desde abajo, empuja fuerte con los talones para subir siguiendo la línea de la máquina, manteniendo el abdomen firme.

Llega arriba sin bloquear las rodillas, controla el movimiento y repite de forma segura.",strength,"[""Cuádriceps"", ""Glúteo"", ""Isquio"", ""Core""]","[""Multipower""]",beginner,,,,,,f,t,[],21
b156dfde-550a-423a-b025-345dc09ce704,2026-01-22 11:13:34.293312+00,2026-01-22 11:15:29.100642+00,Sentadilla Barra Alta con Barra,,"Coloca la barra en la parte alta de la espalda, justo encima de los hombros (no en el cuello), apoyada en el músculo del trapecio, y agárrala con las manos un poco más abiertas que los hombros.

Saca la barra del soporte, da dos o tres pasos atrás y coloca los pies ligeramente más abiertos que ancho de los hombros, con las puntas ligeramente hacia fuera para estar más estable.

Antes de bajar, aprieta el abdomen como si fueras a recibir un golpe y mantén el pecho erguido, mirando al frente.

Empieza a bajar a la vez rodillas y cadera, como si fueras a sentarte en una silla, manteniendo la espalda recta y los talones siempre apoyados en el suelo.

Baja hasta donde puedas sin perder el equilibrio ni redondear la espalda, manteniendo las rodillas alineadas con los pies.

Desde abajo, empuja fuerte el suelo con los talones y sube manteniendo el pecho erguido y el abdomen apretado.

Estira las piernas al llegar arriba sin bloquearlas del todo, controla la postura y repite el movimiento de forma lenta y segura.",strength,"[""Cuádriceps"", ""Glúteo"", ""Isquio"", ""Core""]","[""Barra""]",intermediate,,,,,,f,t,[],21
9ae2fcaa-cbf5-47c9-9228-4dada934da2d,2026-01-22 11:16:52.514381+00,2026-01-22 11:16:52.514399+00,Sentadilla en Máquina,,"Colócate dentro de la máquina guiada y apoya la barra o los apoyos en la parte alta de la espalda, sobre los hombros (no en el cuello), agarrándolos con las manos para estar estable.

Coloca los pies al ancho de hombros, ligeramente adelantados y con las puntas un poco hacia fuera.

Antes de empezar, aprieta el abdomen, mantén el pecho erguido y mira al frente.

Baja de forma controlada flexionando rodillas y cadera a la vez, manteniendo los talones siempre apoyados en el suelo.

Desciende hasta donde puedas sin perder la postura ni redondear la espalda.

Empuja con los talones para subir siguiendo el recorrido de la máquina, manteniendo el abdomen firme y el cuerpo estable.

Llega arriba sin bloquear las rodillas, controla el movimiento y repite con seguridad.",strength,"[""Cuádriceps"", ""Glúteo"", ""Isquio"", ""Core""]","[""Máquina""]",beginner,,,,,,f,t,[],21
441882ee-fdf4-4bdb-bc92-5e86878be9bf,2026-01-22 10:50:04.171612+00,2026-01-22 10:50:04.171627+00,Hip Thrust en Máquina,,"Ajusta la máquina para que el respaldo apoye la parte alta de la espalda y coloca los pies en la plataforma al ancho de caderas, con las puntas ligeramente hacia fuera.

Coloca el apoyo acolchado sobre la cadera y asegúrate de que estás bien sujeto, con la espalda apoyada y los pies firmes.

Empieza con la cadera abajo, barbilla ligeramente metida y abdomen apretado para que la espalda no se arquee.

Empuja la plataforma con los talones y eleva la cadera de forma controlada hasta que hombros, cadera y rodillas queden alineados.

Arriba, aprieta fuerte los glúteos uno o dos segundos sin sacar pecho ni cargar la zona lumbar.

Baja la cadera despacio, manteniendo el control y la tensión en el glúteo, y repite el movimiento.",strength,"[""Glúteo""]","[""Máquina""]",beginner,,,,,,f,t,[],21
f8fae66c-5d89-4072-b6ec-1a9d93709b92,2026-01-22 10:52:02.243622+00,2026-01-22 10:52:02.243641+00,Push Press,,"Colócate de pie con los pies al ancho de hombros y la barra apoyada en la parte frontal de los hombros, agarrándola un poco más abierta que los hombros.

Aprieta el abdomen y los glúteos y flexiona ligeramente las rodillas, manteniendo el torso recto.

Empuja fuerte con las piernas para dar impulso y, a la vez, lleva la barra hacia arriba con los brazos.

Continúa el movimiento empujando con los brazos hasta estirar los brazos por encima de la cabeza, sin arquear la espalda.

Baja la barra de forma controlada de nuevo a los hombros y repite el movimiento.",strength,"[""Deltoides anterior"", ""Deltoides lateral"", ""Tríceps"", ""Core""]","[""Barra""]",advanced,,,,,,f,t,[],21
d4ad9dcf-bd60-4c5b-ab71-7f346bddc5d2,2026-01-22 10:48:05.890335+00,2026-01-22 10:52:21.304505+00,Press Militar en Máquina,,"Ajusta el asiento para que las asas queden a la altura de los hombros y apoya bien la espalda en el respaldo, con los pies firmes en el suelo y los codos orientados hacia el frente

Agarra las asas con los codos flexionados y ligeramente por debajo de las manos.

Aprieta el abdomen para estar estable y empuja las asas hacia arriba estirando los brazos, sin bloquear los codos.

Aprieta los hombros un segundo arriba sin encogerlos.

Baja despacio a la posición inicial y repite el movimiento de forma controlada.",strength,"[""Deltoides anterior"", ""Deltoides lateral"", ""Tríceps""]","[""Máquina""]",beginner,,,,,,f,t,[],21
8c8db616-16f3-4901-a2f0-c3b69e03ce4a,2026-01-22 10:42:12.910733+00,2026-01-22 10:53:39.277453+00,Press Militar con Mancuernas,,"Siéntate o colócate de pie con la espalda recta y los pies firmes en el suelo, una mancuerna en cada mano.

Coloca las mancuernas a la altura de los hombros, con los codos ligeramente por debajo de las manos, apuntando ligeramente hacia adelante

Aprieta el abdomen y los glúteos para estar estable.

Empuja las mancuernas hacia arriba hasta estirar los brazos, sin bloquear los codos ni arquear la espalda.

Baja despacio las mancuernas de nuevo a la altura de los hombros y repite el movimiento de forma controlada.",strength,"[""Deltoides anterior"", ""Deltoides lateral"", ""Tríceps""]","[""Banco muy Inclinado"", ""Mancuernas""]",intermediate,,,,,,f,t,[],21
7ee63944-41ae-4fca-b13d-c31071047ef6,2026-01-22 11:36:56.294191+00,2026-01-22 11:36:56.294212+00,Press de Banca con Barra,,"Túmbate boca arriba en el banco con la cabeza, la espalda y los glúteos apoyados, y coloca los pies firmes en el suelo.

Agarra la barra un poco más abierta que los hombros y sácala del soporte con los brazos estirados sobre el pecho.

Aprieta el abdomen y los glúteos para estar estable y baja la barra despacio hacia el centro del pecho, manteniendo los codos ligeramente abiertos.

Cuando la barra toque suavemente el pecho, ligeramente por debajo de la altura de los pezones, empuja fuerte hacia arriba hasta estirar los brazos, sin bloquear los codos ni arquear la espalda.

Mantén los pies apoyados, el cuerpo firme y repite el movimiento de forma controlada.",strength,"[""Pectoral"", ""Deltoides anterior"", ""Tríceps""]","[""Banco plano"", ""Barra""]",intermediate,,,,,,f,t,[],21
c515637b-e0a1-412c-acf7-cc4a86e5eaf3,2026-01-22 11:18:23.071805+00,2026-01-22 11:18:23.071827+00,Sentadilla Barra Baja con Barra,,"Coloca la barra más abajo que en la sentadilla barra alta, apoyada sobre la parte trasera de los hombros, justo encima de los omóplatos (no en el cuello), y agárrala firme con las manos.

Saca la barra del soporte, da dos o tres pasos atrás y coloca los pies al ancho de hombros, con las puntas ligeramente hacia fuera.

Antes de bajar, aprieta fuerte el abdomen y mantén el pecho firme, con el torso un poco más inclinado hacia delante que en la barra alta.

Empieza a bajar llevando la cadera ligeramente hacia atrás y flexionando las rodillas, manteniendo la espalda recta y los talones apoyados.

Baja de forma controlada hasta donde puedas sin redondear la espalda ni perder equilibrio, con las rodillas siguiendo la línea de los pies.

Desde abajo, empuja fuerte el suelo con los talones y sube manteniendo la inclinación del torso y el abdomen apretado.

Llega arriba sin bloquear las rodillas, estabiliza el cuerpo y repite el movimiento de forma segura.",strength,"[""Erectores espinales"", ""Glúteo"", ""Cuádriceps"", ""Isquio"", ""Core""]","[""Barra""]",advanced,,,,,,f,t,[],21
a7c57c13-9e87-4dc8-8b37-fe75b2b11386,2026-01-22 11:20:14.844904+00,2026-01-22 11:20:14.844942+00,Sentadilla Barra Alta con Talones Elevados en Multipower,,"Colócate debajo de la barra del multipower y apóyala en la parte alta de la espalda, sobre el trapecio (no en el cuello), agarrándola un poco más abierta que los hombros.

Coloca los talones elevados (con discos o cuñas de 3-5 cm) y los pies al ancho de hombros, con las puntas ligeramente hacia fuera, dejando la barra alineada con el centro del pie.

Desbloquea la barra, aprieta el abdomen y mantén el pecho erguido, mirando al frente.

Baja de forma controlada flexionando rodillas y cadera a la vez, permitiendo que las rodillas avancen hacia delante gracias a la elevación de los talones, sin despegar los pies.

Desciende hasta donde puedas manteniendo la espalda recta y la postura estable.

Empuja fuerte con la parte media del pie y los talones para subir siguiendo la guía de la máquina, manteniendo el abdomen firme.

Llega arriba sin bloquear las rodillas, controla el movimiento y repite de forma segura.",strength,"[""Cuádriceps"", ""Glúteo"", ""Core""]","[""Multipower""]",intermediate,,,,,,f,t,[],21
eb3b59f8-c60d-447a-8154-4d43f944bb14,2026-01-22 11:21:37.965743+00,2026-01-22 11:21:37.965761+00,Sentadilla Sumo en Multipower,,"Colócate debajo de la barra del multipower y apóyala en la parte alta de la espalda, sobre el trapecio (no en el cuello), agarrándola con las manos para estar estable.

Abre los pies más que el ancho de hombros, con las puntas bien orientadas hacia fuera, y colócalos ligeramente adelantados respecto a la barra.

Desbloquea la barra, aprieta el abdomen y mantén el pecho erguido, mirando al frente.

Empieza a bajar flexionando cadera y rodillas a la vez, dejando que las rodillas se abran siguiendo la línea de los pies.

Baja de forma controlada hasta donde te permita la movilidad sin perder la postura ni despegar los talones.

Empuja fuerte con los talones para subir siguiendo el recorrido de la máquina, manteniendo las rodillas abiertas y el abdomen firme.

Llega arriba sin bloquear las rodillas, estabiliza el cuerpo y repite el movimiento.",strength,"[""Glúteo"", ""Cuádriceps"", ""Aductores"", ""Core""]","[""Multipower""]",intermediate,,,,,,f,t,[],21
d045bf15-d531-4472-a134-421ecfb02873,2026-01-22 11:23:25.483307+00,2026-01-22 11:23:25.483328+00,Sentadilla con Peso Corporal,,"Colócate de pie con los pies al ancho de hombros y las puntas ligeramente hacia fuera.

Aprieta el abdomen y mantén el pecho erguido, mirando al frente.

Empieza a bajar llevando la cadera hacia atrás y flexionando las rodillas, como si fueras a sentarte en una silla.

Mantén los talones apoyados en el suelo y las rodillas alineadas con los pies.

Baja hasta donde puedas sin perder la postura ni redondear la espalda.

Empuja el suelo con los talones para volver a subir, estirando las piernas sin bloquearlas.

Controla el movimiento y repite de forma lenta y segura.",bodyweight,"[""Cuádriceps"", ""Glúteo""]","[""Sin material""]",beginner,,,,,,f,t,[],21
696cc38e-1e0d-4e72-8662-2e9f6db04e7e,2026-01-22 11:24:32.257059+00,2026-01-22 11:24:32.257074+00,Sentadilla Goblet,,"Sujeta una mancuerna o kettlebell con ambas manos frente al pecho, pegada al cuerpo.

Coloca los pies al ancho de hombros con las puntas ligeramente hacia fuera y aprieta el abdomen.

Empieza a bajar flexionando rodillas y cadera a la vez, manteniendo el pecho erguido y la espalda recta.

Deja que las rodillas avancen de forma natural, manteniendo los talones apoyados en el suelo.

Baja hasta donde puedas sin perder la postura, usando el peso como contrapeso.

Empuja el suelo con los talones para subir, manteniendo el abdomen firme.

Llega arriba sin bloquear las rodillas y repite el movimiento de forma controlada.",strength,"[""Cuádriceps"", ""Glúteo"", ""Core""]","[""Mancuerna o peso externo""]",beginner,,,,,,f,t,[],21
9ad2741a-a7f6-4079-be90-12ac378d44d9,2026-01-22 11:26:50.836424+00,2026-01-22 11:26:50.836441+00,Clamshells con Peso,,"Túmbate de lado en el suelo, con las piernas flexionadas y las rodillas una encima de la otra, y coloca una mini banda o un disco ligero sobre la rodilla superior.

Mantén los pies juntos, la cadera estable y aprieta ligeramente el abdomen para no balancearte.

Abre la rodilla de arriba hacia el techo contra la resistencia, como si abrieras una concha, sin separar los pies.

Sube hasta donde puedas sin girar la cadera ni el tronco.

Aprieta el glúteo un segundo arriba, controlando el peso.

Baja la rodilla despacio a la posición inicial sin perder la tensión.

Repite el movimiento de forma controlada y luego cambia de lado.",strength,"[""Glúteo"", ""Core""]","[""Mancuerna o peso externo""]",intermediate,,,,,,f,t,[],21
ededacd6-f192-43df-9388-e6f33075ce48,2026-01-22 11:29:14.0681+00,2026-01-22 11:29:14.06813+00,Remo Australiano,,"Colócate debajo de una barra fija o en una multipower, e incluso una mesa estable y sólida, con el cuerpo estirado y los talones apoyados en el suelo.

Agarra la barra un poco más abierta que los hombros, con el cuerpo en línea recta de cabeza a pies.

Aprieta el abdomen y los glúteos para no hundir la cadera.

Tira del pecho hacia la barra llevando los codos hacia atrás y juntando los omóplatos.

Llega con el pecho cerca de la barra sin sacar la cabeza hacia delante.

Baja despacio estirando los brazos sin perder la tensión del cuerpo.

Mantén el cuerpo firme y repite el movimiento de forma controlada.",bodyweight,"[""Espalda"", ""Bíceps"", ""Antebrazo""]","[""Barra Fija o Soporte""]",beginner,,,,,,f,t,[],21
1cc36981-b034-4ab6-a7b6-67f18087f627,2026-01-22 11:38:22.06659+00,2026-01-22 11:38:22.066616+00,Press de Banca con Mancuernas,,"Túmbate boca arriba en el banco con la cabeza, la espalda y los glúteos bien apoyados, y los pies firmes en el suelo.

Sujeta una mancuerna en cada mano a la altura del pecho, con los codos flexionados y ligeramente abiertos.

Aprieta el abdomen y los glúteos para estar estable.

Empuja las mancuernas hacia arriba hasta estirar los brazos, juntándolas arriba sin chocarlas.

Baja despacio las mancuernas de nuevo a la altura del pecho, controlando el movimiento.

Mantén el cuerpo firme, sin arquear la espalda, y repite el ejercicio de forma controlada.",strength,"[""Pectorales"", ""Deltoides anterior"", ""Tríceps""]","[""Mancuernas"", ""Banco plano""]",beginner,,,,,,f,t,[],21
57cea302-7ca6-45f3-966e-e1e2d8cc5abe,2026-01-22 11:39:40.836915+00,2026-01-22 11:39:40.836936+00,Press Banca en Máquina,,"Ajusta el asiento o el banco de la máquina guiada para que las asas queden a la altura del centro del pezón y apoya bien la espalda y los glúteos.

Coloca los pies firmes en el suelo y agarra las asas con las manos, un poco más abiertas que los hombros.

Aprieta el abdomen y mantén el pecho erguido para estar estable.

Empuja las asas hacia delante/arriba (según la máquina) estirando los brazos de forma controlada, sin bloquear los codos.

Aprieta el pecho un segundo al final del empuje.

Vuelve despacio a la posición inicial, controlando el recorrido.

Mantén siempre el cuerpo estable y repite el movimiento de forma controlada.",strength,"[""Pectoral"", ""Deltoides anterior"", ""Tríceps""]","[""Máquina""]",beginner,,,,,,f,t,[],21
cca219f1-f77f-473b-b850-69bc3941e7f3,2026-01-22 11:42:14.464333+00,2026-01-22 11:42:14.464362+00,Dominada Supina,,"Agarra la barra con las manos en supinación (palmas mirando hacia ti), a la anchura de los hombros o un poco más cerradas.

Cuelga con los brazos estirados, el cuerpo en línea recta y el abdomen apretado.

Inicia el movimiento llevando los codos hacia abajo y hacia atrás, activando espalda y bíceps.

Sube el pecho hacia la barra sin balancearte ni encoger los hombros.

Llega hasta que la barbilla pase la barra o lo más alto que puedas con buena técnica.

Baja despacio estirando los brazos por completo, manteniendo el control.

Mantén el cuerpo firme y repite el movimiento de forma controlada.",bodyweight,"[""Bíceps"", ""Dorsal""]","[""Barra fija""]",intermediate,,,,,,f,t,[],21
cedc71e6-44f7-462b-8602-f984e292a7ad,2026-01-22 11:43:45.867736+00,2026-01-22 11:43:45.867761+00,Dominadas Supinas con Banda Elástica,,"Coloca la banda elástica en la barra de dominadas y pasa un extremo por el otro para dejarla bien sujeta.

Introduce un pie (o las rodillas, según la banda) dentro de la banda y cuélgate de la barra con el agarre elegido.

Aprieta el abdomen y mantén el cuerpo en línea recta, sin balancearte.

Inicia el movimiento llevando los codos hacia abajo y atrás, ayudándote de la banda para subir.

Sube el pecho hacia la barra hasta que la barbilla la supere o llegues a tu máximo controlado.

Baja despacio estirando los brazos, dejando que la banda te ayude sin “caerte” abajo.

Mantén el control en todo momento y repite el movimiento con buena técnica.",bodyweight,"[""Bíceps"", ""Dorsal""]","[""Goma elástica"", ""Barra fija""]",beginner,,,,,,f,t,[],21
2f66c1ab-6f6b-45d5-9665-df5f8122fb62,2026-01-22 11:46:08.951302+00,2026-01-22 11:46:08.951326+00,Fondos en Paralelas,,"Agarra las paralelas con los brazos estirados y elévate hasta quedar suspendido, con el cuerpo recto.

Aprieta el abdomen y cruza ligeramente los pies o mantenlos juntos para estar estable.

Flexiona los codos y baja el cuerpo de forma controlada, inclinando un poco el torso hacia delante.

Baja con los brazos pegados al cuerpo, hasta que los codos queden cerca de los 90° o hasta donde tu movilidad lo permita sin dolor.

Empuja fuerte con los brazos para volver arriba, estirándolos sin bloquear los codos.

Mantén los hombros bajos, sin encogerlos, y el cuerpo estable.

Repite el movimiento de forma controlada y segura.",bodyweight,"[""Tríceps"", ""Pectoral"", ""Deltoides anterior"", ""Core""]","[""Barras paralelas""]",intermediate,,,,,,f,t,[],21
ced3e711-8322-4cb0-a78b-6a08c064c1d5,2026-01-22 11:48:09.019219+00,2026-01-22 11:48:09.019242+00,Dominadas Pronas con Lastre,,"Coloca el lastre (cinturón con disco, chaleco o mancuerna entre las piernas) y agárrate a la barra con las manos en pronación (palmas hacia delante), un poco más abiertas que los hombros.

Cuélgate con los brazos estirados, el cuerpo en línea recta y el abdomen apretado.

Inicia el movimiento llevando los codos hacia abajo y atrás, mientras se mantienen cerca del cuerpo, sin balancearte.

Sube el pecho hacia la barra manteniendo los hombros bajos y juntando los omóplatos.

Llega hasta que la barbilla pase la barra o lo más alto que puedas con buena técnica.

Baja despacio y controlado hasta estirar los brazos por completo, sin “caerte”.

Mantén el cuerpo firme durante todo el recorrido y repite con control.",strength,"[""Dorsal"", ""Bíceps"", ""Core"", ""Deltoides posterior""]","[""Barra de dominadas"", ""Cadena"", ""Discos"", ""Magnesio""]",advanced,,,,,,f,t,[],21
d3644f92-9fe7-405f-a2b1-462210bb2e59,2026-01-22 11:49:21.07779+00,2026-01-22 11:49:21.077814+00,Dominada Supina con Lastre,,"Coloca el lastre (cinturón con disco, chaleco o mancuerna entre las piernas) y agarra la barra con las manos en supinación (palmas mirando hacia ti), a la anchura de los hombros o un poco más cerradas.

Cuélgate con los brazos estirados, el cuerpo en línea recta y el abdomen apretado.

Inicia el movimiento llevando los codos hacia abajo y atrás y bien pegados al cuerpo, activando espalda y bíceps.

Sube el pecho hacia la barra sin balancearte ni encoger los hombros.

Llega hasta que la barbilla pase la barra o lo más alto que puedas con buena técnica.

Baja despacio y controlado hasta estirar los brazos por completo, sin perder tensión.

Mantén el cuerpo firme durante todo el movimiento y repite de forma segura.",strength,"[""Bíceps"", ""Dorsal"", ""Deltoides posterior"", ""Core""]","[""Barra de dominadas"", ""Cadena"", ""Discos"", ""Magnesio""]",advanced,,,,,,f,t,[],21
5396f6fd-a9f9-4bdb-ab57-5c61844f9220,2026-01-22 11:50:37.389001+00,2026-01-22 11:50:37.389019+00,Fondos en Paralelas con Lastre,,"Coloca el lastre (cinturón con disco, chaleco o mancuerna) y agarra las paralelas con los brazos estirados.

Eleva el cuerpo hasta quedar suspendido, aprieta el abdomen y mantén el cuerpo estable.

Flexiona los codos y baja de forma controlada, inclinando ligeramente el torso hacia delante.

Baja hasta que los codos estén cerca de 90° o hasta donde tu movilidad lo permita sin dolor.

Empuja fuerte con los brazos para volver arriba, estirándolos sin bloquear los codos.

Mantén los hombros bajos, sin encogerlos, y controla el balanceo del lastre.

Repite el movimiento de forma controlada y segura.",strength,"[""Tríceps"", ""Pectoral"", ""Deltoides anterior"", ""Core""]",[],advanced,,,,,,f,t,[],21
70912e96-b35e-4e4d-8904-39e74a674262,2026-01-22 11:51:57.863708+00,2026-01-22 11:51:57.863724+00,Press Francés con Barra Z,,"Túmbate boca arriba en un banco plano con la cabeza, la espalda y los glúteos bien apoyados, y los pies firmes en el suelo.

Agarra la barra Z con un agarre medio y sácala con los brazos estirados, colocándola encima del pecho.

Aprieta el abdomen y mantén los codos apuntando al techo, fijos y juntos, sin abrirlos.

Flexiona solo los codos y baja la barra despacio hacia la frente o justo detrás de la cabeza, sin mover los hombros.

Baja hasta notar el estiramiento del tríceps, manteniendo el control.

Empuja la barra hacia arriba estirando los brazos, apretando fuerte el tríceps arriba sin bloquear los codos.

Mantén los codos estables durante todo el movimiento y repite de forma controlada.",strength,"[""Tríceps""]","[""Barra Z"", ""Banco plano""]",intermediate,,,,,,f,t,[],21
a2bf45b4-407e-4d94-8ba6-3e6c9517b5eb,2026-01-22 11:52:49.803335+00,2026-01-22 11:52:49.803358+00,Press Francés en Multipower,,"Túmbate boca arriba en un banco plano colocado bajo el multipower, con la cabeza, la espalda y los glúteos bien apoyados y los pies firmes en el suelo.

Agarra la barra del multipower con un agarre medio (cómodo para las muñecas) y colócala con los brazos estirados encima del pecho.

Aprieta el abdomen y mantén los codos apuntando al techo, fijos y relativamente juntos.

Flexiona solo los codos y baja la barra de forma controlada hacia la frente o ligeramente detrás de la cabeza, siguiendo la guía de la máquina.

Baja hasta notar el estiramiento del tríceps, sin mover los hombros.

Empuja la barra hacia arriba estirando los brazos, apretando el tríceps arriba sin bloquear los codos.

Mantén los codos estables durante todo el recorrido y repite el movimiento de forma controlada.",strength,"[""Tríceps""]","[""Multipower""]",beginner,,,,,,f,t,[],21
66849c15-e78d-4dc3-aab5-6954b84e0563,2026-01-22 11:57:04.560507+00,2026-01-22 11:57:04.560539+00,Press Francés con Mancuernas,,"Túmbate boca arriba en un banco plano con la cabeza, la espalda y los glúteos bien apoyados y los pies firmes en el suelo.

Sujeta una mancuerna en cada mano con los brazos estirados encima del pecho y las palmas mirándose entre sí.

Aprieta el abdomen y mantén los codos apuntando al techo, fijos y sin abrirlos.

Flexiona solo los codos y baja las mancuernas de forma controlada hacia los lados de la cabeza, sin mover los hombros.

Baja hasta notar el estiramiento del tríceps, manteniendo el control.

Empuja las mancuernas hacia arriba estirando los brazos, apretando fuerte el tríceps arriba sin bloquear los codos.

Mantén los codos estables durante todo el movimiento y repite de forma controlada.",strength,"[""Tríceps""]","[""Mnacuernas"", ""Banco plano""]",beginner,,,,,,f,t,[],21
c2f2ef46-ca89-4c62-8fef-9749b312317a,2026-01-22 11:58:26.127733+00,2026-01-22 11:58:26.12775+00,Curl de Bíceps Supino con Mancuernas,,"Colócate de pie o sentado con la espalda recta, una mancuerna en cada mano y las palmas mirando al frente (agarre supino).

Mantén los brazos estirados a los lados del cuerpo, codos pegados al torso y aprieta el abdomen.

Flexiona los dos brazos a la vez, llevando las mancuernas hacia los hombros sin balancearte.

Mantén los codos quietos, evitando que se vayan hacia delante.

Aprieta el bíceps un segundo arriba, con las palmas siempre mirando al frente.

Baja despacio las mancuernas hasta estirar los brazos por completo.

Controla todo el movimiento y repite sin alternar los brazos.",strength,"[""Bíceps""]","[""Mancuernas""]",beginner,,,,,,f,t,[],21
56ffac83-748a-457c-a216-68fecdcbf7ed,2026-01-22 11:59:06.735941+00,2026-01-22 11:59:06.735956+00,Curl Predicador con Mancuerna,,"Siéntate en el banco predicador y apoya bien el brazo en el respaldo inclinado, con el pecho pegado y el hombro relajado.

Sujeta la mancuerna con la palma mirando hacia arriba (agarre supino) y deja el brazo casi estirado al inicio.

Aprieta el abdomen y mantén el brazo fijo, sin despegarlo del banco.

Flexiona el codo y sube la mancuerna de forma controlada hacia el hombro.

Aprieta el bíceps un segundo arriba sin mover el hombro.

Baja despacio la mancuerna hasta estirar casi por completo el brazo.

Mantén el control en todo el recorrido y repite; luego cambia de brazo.",strength,"[""Bíceps""]","[""Mancuerna"", ""Banco inclinado""]",intermediate,,,,,,f,t,[],21
9540d44a-31f3-467d-9127-2a2fc922e900,2026-01-22 12:00:45.793141+00,2026-01-22 12:00:45.79316+00,Curl de Bíceps Predicador en Máquina,,"Ajusta el asiento para que la axila quede bien apoyada en el banco predicador y los brazos descansen cómodamente sobre el apoyo.

Agarra las asas o la barra de la máquina predicador con las palmas mirando hacia arriba.

Empieza con los brazos casi estirados y el pecho apoyado, sin despegar los brazos del banco.

Flexiona los codos y sube el peso de forma controlada hacia ti, sin mover los hombros.

Aprieta el bíceps un segundo arriba.

Baja despacio hasta estirar casi por completo los brazos, manteniendo la tensión.

Repite el movimiento de forma controlada y sin impulsos",strength,"[""Bíceps""]","[""Máquina""]",beginner,,,,,,f,t,[],21
be72bd29-d45d-42f1-b222-b2cc0c82f521,2026-01-22 12:02:50.538203+00,2026-01-22 12:02:50.538221+00,Patada de Glúteo Contralateral,,"Colócate de pie frente a la polea baja, sujeta el soporte o la estructura con una mano y coloca el tobillero en la pierna contraria al brazo de apoyo (patada contralateral).

Inclina ligeramente el torso hacia delante, mantén la espalda recta y aprieta el abdomen para estabilizarte.

Empieza con la pierna ligeramente adelantada y la rodilla un poco flexionada.

Empuja el talón hacia atrás y arriba tirando de la polea, moviendo solo la cadera y sin arquear la espalda.

Sube hasta notar el glúteo trabajando, manteniendo la cadera estable y sin girarla.

Aprieta el glúteo un segundo arriba.

Baja la pierna despacio hasta la posición inicial, manteniendo tensión constante en la polea, y repite antes de cambiar de lado.",strength,"[""Glúteo""]","[""Polea"", ""Tobillera""]",intermediate,,,,,,f,t,[],21
9cf4279a-b374-4996-8753-0831dfb65c33,2026-01-22 12:04:28.457666+00,2026-01-22 12:04:28.457686+00,Zancadas Dinámicas,,"Colócate de pie con el pecho erguido, abdomen apretado y los pies juntos.

Da un paso largo hacia delante con una pierna y apoya bien el pie en el suelo.

Baja el cuerpo flexionando ambas rodillas hasta que la rodilla trasera se acerque al suelo, manteniendo el torso ligeramente inclinado hacia adelante.

Asegúrate de que la rodilla delantera siga la línea del pie y el talón permanezca apoyado.

Empuja fuerte con el talón del pie delantero para incorporarte y avanzar con la otra pierna.

Mantén el equilibrio y el abdomen activo en cada paso.

Repite el movimiento de forma continua y controlada mientras caminas.",bodyweight,"[""Cuádriceps"", ""Glúteo"", ""Isquio"", ""Core""]","[""Sin material""]",beginner,,,,,,f,t,[],21
59b84d03-96f0-4069-9ab5-515fa5b781a1,2026-01-22 12:05:33.070176+00,2026-01-22 12:05:33.070195+00,Zancadas Dinámicas con Mancuernas,,"Colócate de pie con el pecho erguido, abdomen apretado y una mancuerna en cada mano a los lados del cuerpo.

Da un paso largo hacia delante con una pierna y apoya bien el pie en el suelo.

Baja el cuerpo flexionando ambas rodillas hasta que la rodilla trasera se acerque al suelo, manteniendo el torso recto.

Asegúrate de que la rodilla delantera siga la línea del pie y el talón permanezca apoyado.

Empuja fuerte con el talón del pie delantero para incorporarte y avanzar con la otra pierna.

Mantén el equilibrio, los hombros relajados y el abdomen activo durante todo el movimiento.

Repite el gesto de forma fluida y controlada mientras avanzas.",strength,"[""Cuádriceps"", ""Glúteo"", ""Isquio"", ""Core""]","[""Mancuernas""]",intermediate,,,,,,f,t,[],21
91ea710b-ff85-47e4-89f5-6da3d41dbb61,2026-01-22 12:06:47.859436+00,2026-01-22 12:06:47.859452+00,Zancada con Déficit,,"Colócate de pie sobre una superficie elevada (cajón, step o disco estable), con el pecho erguido y el abdomen apretado.

Da un paso largo hacia delante y baja el pie al suelo desde el déficit.

Flexiona ambas rodillas y baja el cuerpo de forma controlada hasta que la rodilla trasera se acerque al suelo.

Mantén el torso recto, el talón delantero apoyado y la rodilla siguiendo la línea del pie.

Empuja fuerte con el talón del pie delantero para volver a subir al punto elevado.

Controla el equilibrio durante todo el movimiento, sin impulsos.

Repite las repeticiones con una pierna y luego cambia de lado.",bodyweight,"[""Cuádriceps"", ""Glúteo"", ""Isquio"", ""Core""]","[""Plataforma elevada""]",beginner,,,,,,f,t,[],21
8206bac3-f33b-4928-ae91-84079721ef3f,2026-01-22 12:08:13.572027+00,2026-01-22 12:08:13.572051+00,Zancadas con Déficit con Mancuernas,,"Colócate de pie sobre una superficie elevada (cajón, step o disco estable) con el pecho erguido, abdomen apretado y una mancuerna en cada mano a los lados del cuerpo.

Da un paso largo hacia delante y baja el pie al suelo desde el déficit, manteniendo el equilibrio.

Flexiona ambas rodillas y baja el cuerpo de forma controlada hasta que la rodilla trasera se acerque al suelo.

Mantén el torso recto, el talón delantero apoyado y la rodilla alineada con el pie.

Empuja fuerte con el talón del pie delantero para volver a subir al punto elevado.

Controla el equilibrio durante todo el movimiento, sin impulsos ni balanceos de las mancuernas.

Repite las repeticiones con una pierna y luego cambia de lado.",strength,"[""Cuádriceps"", ""Glúteo"", ""Isquio"", ""Core""]","[""Plataforma elevada"", ""Mancuerna""]",intermediate,,,,,,f,t,[],21
524997e1-33c2-44cd-9893-5c864b3859c9,2026-01-22 12:08:59.565791+00,2026-01-22 12:08:59.56581+00,Plancha abdominal,,"Colócate boca abajo apoyando los antebrazos en el suelo, con los codos justo debajo de los hombros.

Estira las piernas y apoya las puntas de los pies en el suelo.

Aprieta fuerte el abdomen y los glúteos para que el cuerpo quede en línea recta de cabeza a talones.

Mantén la espalda recta, sin hundir la zona lumbar ni levantar el culo.

Mira al suelo con el cuello relajado.

Respira de forma controlada mientras mantienes la posición.

Aguanta el tiempo marcado sin perder la postura",bodyweight,"[""Abdominales""]","[""Sin material""]",beginner,,,,,,f,t,[],21
622a0683-5270-4249-8d88-32c3022b0a65,2026-01-22 12:10:24.741462+00,2026-01-22 12:10:24.741489+00,Remo en Máquina Tumbado,,"Túmbate boca abajo en la máquina de remo tumbado, con el pecho bien apoyado en el banco y los pies firmes en los apoyos.

Agarra las asas con los brazos estirados y el cuello relajado.

Aprieta el abdomen y mantén el pecho pegado al banco para no balancearte.

Tira de las asas hacia ti llevando los codos atrás y juntando los omóplatos.

Lleva las asas hacia la parte baja del pecho o el abdomen, según la máquina.

Aprieta la espalda un segundo al final del recorrido.

Vuelve despacio a estirar los brazos, controlando el movimiento, y repite.",strength,"[""Espalda"", ""Bíceps"", ""Deltoides posterior""]",[],beginner,,,,,,f,t,[],21
77689b26-bede-4d80-90f3-f1e8bffa8a90,2026-01-22 12:11:47.247777+00,2026-01-22 12:11:47.247794+00,Press Pallof,,"Colócate de pie de lado a la polea (o banda elástica) a la altura del pecho, con los pies al ancho de hombros.

Agarra el asa con las dos manos y llévala al centro del pecho, brazos flexionados.

Aprieta fuerte el abdomen y los glúteos para que el cuerpo no gire.

Empuja las manos al frente estirando los brazos, manteniendo el tronco totalmente quieto.

Aguanta uno o dos segundos con los brazos estirados, resistiendo la rotación.

Vuelve despacio las manos al pecho sin perder tensión.

Repite el movimiento de forma controlada y luego cambia de lado.",functional,"[""Core"", ""Oblicuos"", ""Anti rotación""]","[""Polea o Banda Elástica""]",beginner,,,,,,f,t,[],21
6a100a61-d812-4ab0-a37d-0a61e357560b,2026-01-22 12:13:23.929076+00,2026-01-22 12:13:23.929092+00,Landmine Press Estricto,,"Colócate de pie frente a la barra landmine, con los pies al ancho de hombros y el extremo de la barra apoyado en una mano, a la altura del hombro.

Coloca la otra mano en la cadera o ayudando a estabilizar la barra y adopta una ligera posición escalonada si te da más estabilidad.

Aprieta el abdomen y los glúteos para mantener el cuerpo firme.

Empuja la barra hacia arriba y hacia delante siguiendo el recorrido diagonal natural, estirando el brazo sin bloquear el codo.

Mantén el torso estable, sin inclinarte ni arquear la espalda.

Baja la barra despacio hasta volver a la altura del hombro.

Repite el movimiento de forma controlada y luego cambia de brazo.",strength,"[""Deltoides"", ""Core"", ""Lanzamiento"", ""Golpeo""]","[""Barra"", ""Soporte de suelo""]",intermediate,,,,,,f,t,[],21
4268c0a1-5483-4e20-8514-2aaf3ba3e8d8,2026-01-22 12:14:29.959621+00,2026-01-22 12:14:29.959641+00,Curl Femoral Sentado/a,,"Ajusta el asiento para que la espalda quede bien apoyada en el respaldo y las rodillas alineadas con el eje de la máquina.

Coloca los tobillos debajo del rodillo y sujeta las asas para estar estable.

Aprieta el abdomen y mantén la cadera bien apoyada en el asiento.

Flexiona las rodillas llevando los talones hacia abajo y atrás de forma controlada.

Aprieta los isquios un segundo abajo.

Vuelve despacio a estirar las piernas sin soltar el peso de golpe.

Repite el movimiento manteniendo siempre el control.",strength,"[""Isquio""]","[""Máquina""]",beginner,,,,,,f,t,[],21
2680d879-0df9-4589-ad44-93acfad580ac,2026-01-22 12:15:13.464493+00,2026-01-22 12:15:13.46451+00,Curl Femoral de Pie,,"Colócate de pie en la máquina de curl femoral, apoyando el muslo de la pierna que trabaja en el soporte y agarrando las asas para equilibrarte.

Coloca el rodillo justo por encima del talón y mantén la pierna de apoyo ligeramente flexionada.

Aprieta el abdomen y mantén la cadera estable, sin arquear la espalda.

Flexiona la rodilla llevando el talón hacia el glúteo de forma controlada.

Aprieta el isquio un segundo arriba.

Baja despacio la pierna hasta casi estirarla por completo.

Mantén el control durante todo el movimiento y repite antes de cambiar de pierna.",strength,"[""Isquio""]","[""Máquina""]",beginner,,,,,,f,t,[],21
7097398e-56bb-4f08-b5c8-b85fa6c4cd44,2026-01-22 12:17:16.66834+00,2026-01-22 12:17:16.668364+00,Caídas Nórdicas,,"Colócate de rodillas en el suelo, con el tronco erguido y las caderas extendidas (ni sentado atrás ni doblado).

Fija bien los tobillos (con un compañero sujetándolos o en un anclaje) para que no se levanten.

Aprieta fuerte el abdomen y los glúteos para mantener el cuerpo en línea recta de rodillas a cabeza.

Empieza a dejarte caer hacia delante MUY lentamente, manteniendo el cuerpo recto, sin doblar la cadera.

Frena la bajada todo lo que puedas con los isquios, resistiendo el movimiento (puedes necesitar frenar con las manos cerca del suelo e impulsarte como si fuera una flexión)

Cuando ya no puedas aguantar más, apoya las manos en el suelo para amortiguar la caída.

Impúlsate suavemente con las manos para volver a la posición inicial y repite el movimiento de forma controlada.",strength,"[""Isquios"", ""Core""]","[""Soporte para pies"", ""Esterilla o acolchado""]",advanced,,,,,,f,t,[],21
3b4a5fb0-0131-4886-914c-306c2c2a6b66,2026-01-22 12:26:18.6244+00,2026-01-22 12:26:18.624418+00,Step Up en Polea,,"Colócate frente a un cajón o step y engancha la polea baja (al cinturón o con el asa en la mano contraria a la pierna que trabaja).

Apoya el pie de trabajo en el cajón y mantén el pecho erguido, con el abdomen apretado.

Antes de subir, empuja ligeramente la rodilla hacia fuera y “agarra” el suelo con el pie (piensa en el pie como si fuera un trípode: talón + dedo gordo + meñique) para activar mejor el glúteo.

Empuja fuerte con el talón del pie de arriba y sube el cuerpo sin impulsarte con la pierna de abajo.

Una vez arriba, evita bloquear la rodilla y piensa en llevar la cadera ligeramente hacia atrás para que el glúteo haga el trabajo, no el cuádriceps.

Baja despacio controlando la polea y manteniendo la cadera estable.

Repite el movimiento de forma lenta y controlada antes de cambiar de pierna.",strength,"[""Glúteo""]","[""Polea"", ""Agarradera""]",intermediate,,,,,,f,t,[],21
e66cc93c-5efe-4676-8b0c-b0bd4e233a1e,2026-01-22 12:28:22.551502+00,2026-01-22 12:28:22.551519+00,Step Up con Peso Corporal,,"Colócate frente a un cajón o banco estable, con el pecho erguido y el abdomen apretado.

Apoya completamente un pie sobre el cajón y deja el otro en el suelo (puede que necesites equilibrarte, sujetándote en alguna superficie, sólo intenta no ""hacer trampas"").

Aprieta el abdomen y mantén la cadera estable.

Empuja fuerte con el talón del pie que está arriba y sube el cuerpo al cajón, estirando la pierna.

Evita impulsarte con la pierna de abajo; úsala solo para equilibrio.

Una vez arriba, no bloquees la rodilla y mantén la cadera nivelada para que el glúteo haga el trabajo.

Baja despacio de nuevo al suelo de forma controlada y repite antes de cambiar de pierna.",bodyweight,"[""Glúteo""]","[""Cajón o banco""]",beginner,,,,,,f,t,[],21
29a245a8-b75b-4cd4-8389-d33a8c33237d,2026-01-22 12:29:31.401406+00,2026-01-22 12:29:31.401424+00,Sentadilla Pistol,,"Colócate de pie con el pecho erguido y el abdomen apretado; eleva una pierna al frente sin que toque el suelo.

Mantén los brazos extendidos delante para ayudarte con el equilibrio.

Empieza a bajar despacio flexionando la pierna de apoyo, llevando la cadera hacia atrás como si te sentaras.

Mantén el talón de la pierna de apoyo bien apoyado y la rodilla alineada con el pie.

Baja todo lo que puedas sin perder el equilibrio ni redondear la espalda.

Empuja fuerte con el talón para volver a subir, manteniendo el cuerpo estable.

Controla el movimiento, repite las repeticiones y luego cambia de pierna.",functional,"[""Cuádriceps"", ""Glúteo"", ""Isquio"", ""Core""]","[""Sin material""]",advanced,,,,,,f,t,[],21
